compound_id,molecular_weight,logP,tpsa,hbd,hba,rotatable_bonds,aromatic_rings,logS,dose_mg,particle_size_um,ph_stability,formulation_type,bioavailability_percent
CMPD-0301,288.81,4.39,60.17,2,4,4,2,-5.85,10,14.45,5.65,capsule,34.74
CMPD-0302,318.38,0.7,27.2,3,4,6,2,-3.75,50,47.04,4.99,tablet,38.83
CMPD-0303,462.2,1.81,40.91,4,5,2,1,-4.35,50,17.47,7.03,tablet,49.45
CMPD-0304,447.14,2.95,99.62,0,1,4,4,-5.63,100,5.27,8.25,capsule,41.25
CMPD-0305,377.7,6.09,29.24,1,1,5,2,-2.57,100,13.83,6.03,tablet,28
CMPD-0306,392.91,8,19.07,2,2,7,2,-3.5,10,32.18,5.82,suspension,1
CMPD-0307,520.54,3.59,52.95,2,1,3,2,-6.23,100,28.95,7.54,capsule,40.38
CMPD-0308,314.93,2.17,100.62,3,4,9,4,-1.18,50,5.1,5.22,tablet,55.88
CMPD-0309,440.18,3.46,68.11,1,2,2,3,-4.59,100,40.5,8.44,tablet,48.59
CMPD-0310,357.76,4.1,58.74,1,1,3,2,-4.42,200,21.24,6.41,capsule,45.96
CMPD-0311,356.06,1.92,76.55,2,3,6,2,-2.09,200,36.67,6.95,tablet,65.02
CMPD-0312,500.87,5.73,13.9,0,2,5,1,-2.86,10,35.24,6.55,suspension,18.79
CMPD-0313,470.8,2.91,92.31,3,2,7,4,-1.86,10,30.9,3.49,tablet,47.71
CMPD-0314,469.49,3.4,88.42,3,4,2,3,-6.77,10,10.77,6.42,suspension,31.72
CMPD-0315,523.6,3.7,60.67,3,5,8,0,-3.93,100,30.78,6.04,capsule,43.93
CMPD-0316,382.31,3.26,110.21,3,1,7,2,-3.3,25,34.47,6.97,tablet,50.63
CMPD-0317,455.01,4.01,35.54,2,1,2,0,-1.55,10,14.11,7.87,suspension,64.17
CMPD-0318,345.87,1.39,114.48,5,4,6,3,-4.77,25,37.21,7.09,tablet,40.23
CMPD-0319,415.66,1.5,80.41,3,5,3,4,-4.01,5,31.43,5.7,tablet,48.16
CMPD-0320,365.68,0.52,63.22,1,4,4,4,-3.29,10,20.4,8.48,suspension,42.59
CMPD-0321,390.67,3.29,74.3,4,2,5,1,-2.36,25,36.25,6.55,solution,62.11
CMPD-0322,445.47,3.9,71.25,2,3,4,2,-5.16,400,3.97,8.04,capsule,35.18
CMPD-0323,290,3.32,117.71,2,7,6,4,-2.28,25,8.83,7.56,tablet,57.03
CMPD-0324,610.16,5.51,37.32,0,2,5,5,-4.39,50,62.44,5.3,capsule,15.02
CMPD-0325,269.34,2.49,48.31,1,6,6,1,-2.94,400,23.07,7.77,capsule,53.86
CMPD-0326,246.44,3.7,111.27,2,9,3,1,-3.79,25,15.47,7.54,suspension,49.3
CMPD-0327,507.39,0.53,54.16,1,4,4,1,-3.09,50,6.48,6.59,solution,60.67
CMPD-0328,467.08,1.8,106.52,3,4,3,4,-3.18,200,79.29,5.96,solution,52.03
CMPD-0329,448.65,3.75,134.48,5,2,4,2,-1.58,200,55.06,7.48,suspension,58.7
CMPD-0330,449.12,4.03,60.94,2,3,4,1,-3.85,200,63.42,7.69,capsule,51.08
CMPD-0331,378.65,1.97,98.85,2,4,5,2,-3.95,25,4.24,6.01,capsule,49.61
CMPD-0332,281.3,2.37,34.62,2,3,4,2,-1.9,25,33.61,7.23,capsule,68.11
CMPD-0333,388.34,-0.23,101.42,1,2,6,0,-1.4,5,18.64,6.1,tablet,41.55
CMPD-0334,305.51,1.86,81.98,1,1,5,2,-4.09,25,77.2,5.84,capsule,36.1
CMPD-0335,487.26,4.1,91.56,3,4,7,1,-2.46,100,87.62,7.02,capsule,29.77
CMPD-0336,363.82,3.54,52.4,4,3,5,3,-4.78,100,10.14,7.45,tablet,48.68
CMPD-0337,289.2,3.4,16.86,2,4,5,0,-2.45,200,26.57,7.12,solution,70.62
CMPD-0338,344.65,2.59,92.61,4,4,6,3,-2.12,400,5.78,6.33,tablet,53.43
CMPD-0339,425.42,2.51,10,2,4,3,1,-3.91,400,68.29,5.12,capsule,44.33
CMPD-0340,317.99,1.31,63.89,3,4,7,1,-1.83,100,29.6,6.13,capsule,69.38
CMPD-0341,289.56,3.76,107.94,2,4,6,1,-3.89,5,15.38,6.95,tablet,51.8
CMPD-0342,406.81,3.26,81.72,3,5,7,3,-3.46,25,25.67,9,solution,59.97
CMPD-0343,406.95,3.39,143.19,2,1,7,3,-2.91,5,43.56,5.33,tablet,52.48
CMPD-0344,324.24,1.55,110.88,3,6,5,0,-4.94,400,41.21,6.36,capsule,41.36
CMPD-0345,328.19,-1.38,52.11,0,2,5,0,-5.54,25,1.95,6.31,tablet,10.69
CMPD-0346,405.53,4.47,75.96,2,2,5,1,-3.08,50,11.34,3.81,capsule,47.9
CMPD-0347,220.71,1.64,73.34,2,5,7,0,-4.61,5,4.48,5.79,capsule,47.2
CMPD-0348,225.18,0.95,19.62,3,4,3,1,-5.33,200,17.78,5.07,tablet,49.89
CMPD-0349,300.97,3.75,42.09,2,6,6,2,-2.35,400,12.91,6.02,capsule,54.84
CMPD-0350,356.52,1.79,55.37,0,7,6,0,-1.22,100,61.81,8.3,capsule,63.14
CMPD-0351,414.2,4.41,10,1,3,3,1,-2.21,100,17.36,7.29,capsule,54.84
CMPD-0352,542.29,3.61,76.66,4,0,8,1,-5.28,100,4.2,6.71,capsule,33.28
CMPD-0353,474.34,3.73,66.28,2,5,7,3,-3.23,400,30.32,8.84,solution,47.96
CMPD-0354,362.41,0.04,16.45,2,10,3,2,-3.96,25,18.81,8.19,capsule,43.55
CMPD-0355,377.91,4.68,89.15,1,9,4,4,-4.78,25,26.05,5.54,suspension,39.37
CMPD-0356,269.72,2.97,100.06,2,5,2,2,-3.37,5,27.65,4.31,capsule,60.99
CMPD-0357,377.96,1.84,82.95,1,5,4,0,-3.6,200,25.04,3.71,tablet,54.49
CMPD-0358,348.25,2.76,63.66,2,3,3,5,-3.85,10,7.13,5.44,tablet,52.38
CMPD-0359,415.5,-0.7,95.7,1,2,5,3,-2.02,400,46.55,5.82,tablet,13.98
CMPD-0360,289,3.24,98.81,2,5,6,0,-1.55,25,10.65,8.36,tablet,62.74
CMPD-0361,437.13,0.65,85.76,1,4,6,3,-3.98,400,37.99,7.94,capsule,35.81
CMPD-0362,548.6,0.07,46.14,3,4,4,1,-3.77,10,12.92,7.6,tablet,35.08
CMPD-0363,368.04,-0.24,84.68,1,3,4,2,-3.87,10,46.3,5.9,capsule,40.34
CMPD-0364,424.19,4.5,116.84,2,2,5,2,-2.73,25,74.95,6.27,tablet,36.69
CMPD-0365,455.92,1.37,54.12,1,3,8,1,-3,5,24.16,6.01,capsule,46.94
CMPD-0366,335.87,5.26,148.43,0,6,5,1,-4.56,200,31.09,9,tablet,16.06
CMPD-0367,404.65,1.54,56.6,1,8,8,2,-3.69,400,9.54,5.75,tablet,44.95
CMPD-0368,381.39,-0.57,76.13,2,2,2,1,-5.75,10,5.82,5.55,capsule,13.56
CMPD-0369,390.74,0.49,51.46,0,2,7,1,-5.86,5,27.28,7.18,suspension,43.31
CMPD-0370,294.97,4.72,82.81,2,2,11,2,-5.27,5,29.75,5.34,capsule,35.42
CMPD-0371,382.7,2.22,14.02,2,4,4,0,-3.88,200,80.47,7.17,capsule,56.18
CMPD-0372,434.78,1.51,55.89,0,3,6,1,-2.58,25,27.86,6.85,tablet,46.13
CMPD-0373,539.63,2.79,36.78,1,4,3,0,-4.67,200,105.07,5.61,tablet,50.91
CMPD-0374,485.52,3.4,79.74,2,5,3,2,-3.69,400,29.24,6.09,suspension,47.71
CMPD-0375,616.85,4.51,109.81,0,6,1,3,-3.17,10,62.49,5.49,capsule,32.38
CMPD-0376,295.59,5.11,97.61,4,5,3,4,-1.2,5,23.59,7.72,capsule,44.06
CMPD-0377,475.96,1.85,10,4,5,6,1,-3.42,10,27.25,6.32,tablet,53.67
CMPD-0378,400.17,0.11,146.47,1,5,3,2,-3.35,400,75.3,6.24,tablet,21.4
CMPD-0379,620.88,1.76,85.33,2,4,2,0,-4.41,400,86.06,7.47,tablet,36.08
CMPD-0380,291.09,2.97,47.82,3,3,6,1,-0.74,5,17.85,7.31,capsule,62.6
CMPD-0381,287.63,0.77,80.5,4,4,4,3,-2.35,25,20.21,6.78,solution,54.37
CMPD-0382,314.07,0.78,81.17,3,7,3,0,-5.17,400,16.28,7.75,solution,47.04
CMPD-0383,146.37,3.12,51.66,1,3,6,1,-1.25,5,16.57,6.31,capsule,61.49
CMPD-0384,322.17,2.41,81.93,3,5,2,3,-2.42,25,21.53,5.43,capsule,61.67
CMPD-0385,296.5,2.56,53.74,1,4,3,0,-3.15,25,4.87,6.68,tablet,56.88
CMPD-0386,396.54,1.13,60.85,1,4,10,0,-2.51,10,15.06,6.46,capsule,59.18
CMPD-0387,417.59,2.09,50.98,1,2,7,0,-1.8,10,69.6,8.22,capsule,54.66
CMPD-0388,586.38,0.84,24.86,3,4,4,2,-4.63,200,46.5,6.18,capsule,49.76
CMPD-0389,484.55,4.1,80.1,0,6,1,2,-4.08,10,15.66,8.41,capsule,49.45
CMPD-0390,316.54,4.36,95.49,3,3,3,3,-3.56,50,13.11,5.04,tablet,41.91
CMPD-0391,281.17,-0.82,93.02,0,4,7,3,-5.36,10,11.43,6.22,solution,20.54
CMPD-0392,434.11,0.83,103.7,2,7,7,1,-2.41,10,19.62,6.12,solution,53.5
CMPD-0393,234.77,-0.19,86.35,0,4,3,1,-3.91,200,23.19,6.11,capsule,41.8
CMPD-0394,581.46,1.33,56.35,0,4,7,1,-4.08,5,36.23,7.86,suspension,49.92
CMPD-0395,509.74,2.35,104.39,0,4,2,2,-4.46,200,23.96,5.94,solution,51.64
CMPD-0396,328.39,-0.11,27.49,1,6,5,0,-3.55,50,18.84,7.69,capsule,47.19
CMPD-0397,191.56,0.84,43.48,1,5,2,2,-3.27,50,23.23,6.4,capsule,55.86
CMPD-0398,528.93,0.69,41.25,3,2,4,3,-2.01,400,34.77,6.38,capsule,40.09
CMPD-0399,367.4,2.87,112.8,1,1,5,1,-1.96,5,21.37,4.89,capsule,72.45
CMPD-0400,516.16,2.62,108,0,5,3,5,-5.2,10,59.62,8.01,solution,54.67
CMPD-0401,204.61,1.2,92.06,3,3,4,2,-2.81,200,29.21,8.34,tablet,51.76
CMPD-0402,314.07,2.82,112.52,2,3,5,2,-1.66,400,35.32,5,tablet,51.8
CMPD-0403,380.58,1.52,44.23,1,6,2,5,-3.83,100,40.03,8.44,capsule,51.82
CMPD-0404,385.17,2.01,87.2,1,3,5,1,-3.75,25,15.36,4.77,tablet,47.12
CMPD-0405,330.49,5.51,70.62,3,2,6,2,-4.1,50,23.84,6.3,tablet,26.55
CMPD-0406,448.51,4.91,104.64,3,3,2,1,-2.69,400,12.83,6.38,suspension,39.35
CMPD-0407,262.56,0.16,70.97,1,2,5,0,-3.07,5,21.52,6.14,tablet,32.54
CMPD-0408,364.34,3.99,61.53,2,7,5,1,-2.03,400,70.62,7.81,tablet,37.88
CMPD-0409,393.23,3.96,93.93,3,3,7,1,-3.67,100,8.8,7.4,tablet,37.67
CMPD-0410,436.59,0.43,105.67,2,5,8,2,-1.61,25,22.81,4.46,tablet,30
CMPD-0411,458.28,3.97,51.61,1,5,7,3,-2.6,100,4.42,8.27,tablet,43.06
CMPD-0412,256.29,5.27,72.86,2,4,4,1,-1.74,10,7.86,8.51,capsule,49.02
CMPD-0413,211.25,0.48,37.95,1,3,7,0,-4.39,5,9.65,7.31,tablet,52.03
CMPD-0414,520.54,0.85,10,2,2,6,1,-1.15,25,6.56,6.08,capsule,51.2
CMPD-0415,416.55,4.33,82.02,4,3,7,2,-4.33,25,8.31,6.76,capsule,41.46
CMPD-0416,297.67,2.99,96.31,1,3,5,1,-4.26,10,10.14,6.16,tablet,47.35
CMPD-0417,550.63,3.49,84.17,0,5,5,4,-4.09,10,31.39,7.67,solution,64.08
CMPD-0418,392.72,3.11,10,1,7,5,3,-4.25,10,1.54,4.35,capsule,52.52
CMPD-0419,509.72,3.2,62.72,4,7,7,1,-0.66,5,26.72,6.98,capsule,41.4
CMPD-0420,387.43,0.11,10,2,7,5,4,-2.72,50,14.65,7.89,suspension,57.25
CMPD-0421,606.68,4.39,122.94,0,5,2,3,-2.76,100,16.67,6.21,tablet,36.67
CMPD-0422,573.09,4.61,36.99,1,4,4,4,-6.34,5,33.79,7.16,solution,49.56
CMPD-0423,352.61,2.09,118.94,0,6,7,2,-1.57,5,17.4,4.39,tablet,61.87
CMPD-0424,486.87,2.42,108.11,3,2,7,2,-5.06,100,27.8,5.36,tablet,41.82
CMPD-0425,450.99,-0.26,43.48,1,4,6,2,-3.55,400,18.61,6.98,capsule,18.85
CMPD-0426,530.55,3.43,35.35,2,4,3,1,-4.56,25,20.74,7.04,tablet,47.6
CMPD-0427,273.86,3.53,87.26,2,3,1,3,-3.14,400,3.39,5.8,capsule,45.24
CMPD-0428,455.47,2.39,45.45,3,2,4,4,-1.2,100,53,6.87,tablet,57.36
CMPD-0429,496.43,4.52,78.59,2,3,9,1,-4.94,10,8.93,6.43,capsule,34.08
CMPD-0430,186.54,1.9,58.1,1,7,5,3,-4.58,25,6.83,4.3,solution,67.1
CMPD-0431,249.84,3.52,12.66,4,1,4,3,-3.29,400,132.07,6.22,tablet,45.81
CMPD-0432,155.68,0.66,10,2,0,4,2,-1.15,5,17.41,7.37,tablet,74.11
CMPD-0433,350.37,2.46,82.93,2,5,7,1,-4.14,100,30.02,8.09,capsule,40.45
CMPD-0434,458.93,2.19,55.35,1,4,4,0,-4.57,5,19.87,6.21,tablet,45.97
CMPD-0435,545.26,2.91,55.64,4,6,6,0,-3.25,400,24.89,6.96,tablet,43.72
CMPD-0436,388.15,1.83,99.36,1,2,2,1,-3.49,200,39.71,6.71,capsule,40.09
CMPD-0437,559.15,2.26,116.07,3,3,7,0,-5.04,5,35.25,7.14,tablet,30.98
CMPD-0438,228.19,3.99,65.46,2,4,3,5,-4.11,100,45.9,5.72,tablet,49.97
CMPD-0439,192.63,1.71,63.08,1,1,3,0,-6.45,200,26.68,6.41,suspension,57.16
CMPD-0440,373.89,-0.39,92.51,1,1,6,2,-3.55,200,37.2,7.15,tablet,22.41
CMPD-0441,422.25,5.65,27.51,0,4,4,2,-5.37,200,24.94,6.98,solution,26.69
CMPD-0442,376.4,4.99,82.81,1,3,7,1,0,5,12.84,7.23,solution,58.55
CMPD-0443,152.58,0.17,94.32,1,5,6,5,-2.67,50,4.51,7.46,tablet,31.75
CMPD-0444,370.2,3.74,98.81,1,4,8,1,-3.12,50,8.98,6.69,capsule,49.52
CMPD-0445,236.51,1.59,10,3,7,3,5,-2.71,5,64.61,6.86,suspension,58.76
CMPD-0446,453.66,2.97,48.35,2,3,5,2,-4.24,25,24.77,5.82,capsule,61.65
CMPD-0447,420.33,3.03,44.26,3,1,6,1,-3.71,25,19.21,7.53,solution,63.86
CMPD-0448,276.61,2.08,78.5,0,6,3,2,-2.74,25,29.67,5.2,capsule,60.32
CMPD-0449,323.47,1.09,91.83,1,1,4,2,-4.96,25,38.98,7.24,capsule,52.44
CMPD-0450,263.49,1.26,127.38,1,2,8,2,-2.48,50,57.52,6.66,tablet,52.36
CMPD-0451,373.11,0.85,57.68,5,1,4,2,-0.34,400,5.01,5.64,solution,54.69
CMPD-0452,485.07,1,57.58,5,4,4,1,-5.72,25,95.96,5.69,capsule,35.39
CMPD-0453,271.57,2.38,115.24,3,2,4,2,-2.7,100,66.93,6.76,tablet,59.52
CMPD-0454,435.45,1.21,85.38,3,5,4,1,-4.73,25,2.34,6.2,tablet,39.78
CMPD-0455,321.67,3.73,119.37,2,3,8,3,-2.46,100,7.9,5.98,tablet,51.37
CMPD-0456,292.78,5.18,85.11,2,4,7,3,-2.99,50,38.1,7,capsule,46.74
CMPD-0457,368.23,1.46,34.5,2,6,7,2,-0.68,100,13.08,4.49,tablet,59.42
CMPD-0458,266.12,2.93,28.34,0,3,5,2,-0.95,200,22.16,6.61,solution,76
CMPD-0459,319.1,3.4,20.7,2,2,7,4,-5.67,100,9.62,6.05,capsule,44.6
CMPD-0460,248.23,3.35,98.17,1,3,4,3,-2.35,5,19.41,5.03,tablet,52.44
CMPD-0461,596.12,2.64,116.6,2,4,7,1,-2.38,100,10.18,6.09,capsule,47.84
CMPD-0462,383.88,3.84,139.73,2,3,2,0,-1.72,200,22.36,4.92,suspension,48.43
CMPD-0463,303.03,3.37,104.51,4,4,2,1,-2.79,5,22.2,7.92,tablet,56.25
CMPD-0464,403.54,0.27,115.7,4,4,5,1,-2.61,200,43.28,7.36,tablet,30.55
CMPD-0465,367.64,4.06,54.7,2,3,5,4,-5.05,25,27.32,7.49,tablet,60.52
CMPD-0466,355.69,4.1,34.53,2,2,8,1,-2.87,100,3.19,7.11,capsule,53.88
CMPD-0467,447.56,1.13,104.75,4,5,6,5,-3.82,400,8.99,3.93,capsule,25.72
CMPD-0468,463.33,2.57,89.62,2,6,5,1,-2.47,100,3.13,5.09,capsule,53.35
CMPD-0469,321.64,3.73,78.76,4,5,8,0,-3.64,10,12.51,7.57,suspension,46.36
CMPD-0470,316.66,2.12,88.56,0,4,5,1,-2.83,25,9.85,8.87,tablet,62.68
CMPD-0471,349.74,4.43,86.31,0,2,7,0,-2.58,100,59.88,6.95,solution,54.7
CMPD-0472,126.79,6.75,119.93,2,4,4,5,-2.55,100,9.22,8.17,tablet,4.24
CMPD-0473,213.33,1.09,120.32,2,5,7,1,-4.62,10,20.48,5.52,tablet,57.75
CMPD-0474,530.36,0.01,94.05,3,1,6,5,0,5,75.64,5.75,tablet,36.11
CMPD-0475,560.95,3.05,104.6,3,5,5,1,-3.12,25,45.99,7.3,solution,55.67
CMPD-0476,352.61,3.8,92.99,4,1,3,0,-2.55,10,30.21,5.54,tablet,57.14
CMPD-0477,443.42,2.08,58.86,1,1,5,2,-3.41,25,13.65,4.56,tablet,56.22
CMPD-0478,414.24,5.12,101.48,2,3,5,3,-5.16,25,21.07,7.4,capsule,16.93
CMPD-0479,718.68,0.09,26.19,1,4,4,3,-2.33,5,22.94,5.64,capsule,39.47
CMPD-0480,503.15,3.75,111.89,1,6,1,2,-3.1,5,87.88,4.18,tablet,29.54
CMPD-0481,365.93,1.41,33.19,5,1,6,2,-2.17,50,23.19,7.89,suspension,67.04
CMPD-0482,274.89,5.59,85,1,3,6,0,-4.5,10,27.87,7.11,tablet,17.38
CMPD-0483,203.29,6.09,45.42,3,3,7,0,-4,200,19.33,7.34,capsule,27.58
CMPD-0484,402.38,1.12,94.37,1,5,8,1,-3.1,10,11.03,7.41,tablet,47.48
CMPD-0485,296.8,1.51,73.81,0,8,7,2,-3.43,400,4.79,7.66,capsule,56.61
CMPD-0486,223.55,4.05,19.18,1,1,1,3,-3.93,25,32.86,7.1,suspension,62.53
CMPD-0487,308.88,1.8,89.72,0,4,5,3,-3.1,50,56.41,4.71,tablet,60.18
CMPD-0488,261.03,2.42,54.77,1,1,4,2,-1.36,50,26.49,5.2,suspension,57.86
CMPD-0489,565.59,2.55,105.84,3,2,8,0,-2.81,400,84.2,7.71,solution,44.06
CMPD-0490,476.98,-0.96,75.05,2,1,3,3,-1.74,25,56.42,7.19,solution,32.33
CMPD-0491,379.12,2.48,88.84,1,3,1,1,-3.75,5,22.72,6.34,tablet,56.73
CMPD-0492,542.79,1.26,41.49,3,3,2,2,-3.42,50,6.18,4.48,suspension,46.46
CMPD-0493,388.51,1.61,54.37,3,6,3,0,-3.14,10,13.55,5.49,solution,60.94
CMPD-0494,285.26,5.1,58.95,0,2,7,1,-4.17,5,15.56,6.13,capsule,37.8
CMPD-0495,547.54,0.24,104.98,2,4,4,0,-3.12,100,13.79,5.59,tablet,45.14
CMPD-0496,439.28,3.96,133.71,1,5,7,3,-1.15,50,18.13,5.24,tablet,55.78
CMPD-0497,265.9,2,46.82,2,5,11,2,-0.88,25,20.86,6.9,solution,79.19
CMPD-0498,359.06,2,112.69,0,7,3,5,-1.44,10,40.31,8.26,tablet,69.06
CMPD-0499,283.68,3.92,10,3,7,7,1,-3.04,400,28.26,7.27,tablet,51.3
CMPD-0500,227.89,3.11,33.2,2,7,5,0,-4.58,50,28.48,5.93,tablet,46.16
CMPD-0501,481.88,3.53,41.44,4,4,9,4,0,25,24.25,6.42,tablet,54.02
CMPD-0502,590.04,4.24,27.66,1,0,5,1,-4.27,10,33.85,7.24,capsule,45.07
CMPD-0503,226.16,1.9,19.57,4,1,7,4,-1.21,50,4.69,5.78,solution,73.01
CMPD-0504,441.93,1.4,89.45,1,3,4,4,-2.95,10,54.52,6.76,tablet,42.63
CMPD-0505,308.43,0.55,67.51,1,2,3,3,-5.05,100,90.49,6.07,solution,50.03
CMPD-0506,326.42,1.01,88.28,0,4,5,1,-5.72,400,8.55,6.05,capsule,35.27
CMPD-0507,314.84,7.81,99.17,4,7,4,0,-1.41,400,34.03,4.6,solution,1
CMPD-0508,284.96,4.74,84.3,4,7,8,0,-4.36,400,13.21,6.55,capsule,34.94
CMPD-0509,385.34,0.07,98.02,2,7,4,1,-5.39,10,37.42,6.99,tablet,25.61
CMPD-0510,288.6,0.12,72.57,2,2,3,2,-3.9,400,39.49,7.51,suspension,39.84
CMPD-0511,409.75,3.37,33.46,2,5,5,4,-3.51,400,8.45,4.41,capsule,59.66
CMPD-0512,374.47,3.49,112.02,2,9,2,1,-2.94,25,39.91,7.64,tablet,38.9
CMPD-0513,353.72,3.49,54.38,4,1,6,3,-3.02,50,20.5,7.37,capsule,50.88
CMPD-0514,280.17,2.04,42.25,0,1,6,4,-4.6,25,62.8,8.27,capsule,59.71
CMPD-0515,316.56,2.27,68.77,4,1,3,2,-3.5,100,31.11,6.06,solution,50.53
CMPD-0516,463.09,3.09,43.05,1,2,4,1,-0.92,200,25.92,6.58,tablet,61.36
CMPD-0517,435.1,2.65,60.39,1,1,5,2,-5.08,5,53.91,5.27,capsule,47.02
CMPD-0518,272.47,-1.49,87.04,2,6,7,1,-2.79,10,23.64,6.43,tablet,22.57
CMPD-0519,390.93,2.09,87.19,3,2,6,1,-5.08,25,33.51,6.12,tablet,44.75
CMPD-0520,462.65,0.97,43.58,2,6,3,1,-4.12,200,13.28,6.68,tablet,37.19
CMPD-0521,196.37,2.82,57.93,7,9,6,0,-1.8,50,75.36,6.45,tablet,44.22
CMPD-0522,439.77,7.87,112.6,5,4,3,2,-6.55,50,9.07,7.47,tablet,1
CMPD-0523,307.11,3.16,92.37,2,1,6,1,-0.35,5,20.57,6.26,tablet,75.23
CMPD-0524,442.77,1.94,147.63,3,4,2,0,-5.44,50,11.89,8.03,capsule,41.26
CMPD-0525,296.04,4.16,116.3,2,2,3,2,-6.51,400,3.74,3.54,tablet,32.01
CMPD-0526,181.46,3.37,115.05,2,7,4,4,-3.47,100,12.7,8.05,tablet,54.97
CMPD-0527,200.97,3.26,26.42,2,5,11,4,-4.14,5,53.65,4.85,tablet,52.34
CMPD-0528,385.29,3.59,101.74,2,7,5,1,-4.43,100,30.3,7.49,tablet,42.41
CMPD-0529,408.57,6.2,73.14,2,5,4,1,-2.54,10,44.83,7.31,suspension,10.92
CMPD-0530,280.53,0.46,55.72,1,5,3,1,-4.89,100,60.23,5.21,tablet,35.91
CMPD-0531,450.25,3.35,80.88,0,7,2,3,-2.65,10,36.41,7.97,tablet,53.85
CMPD-0532,197.23,0.83,108.08,5,3,7,4,-2.26,100,23,5.08,tablet,47.21
CMPD-0533,372.73,3.5,92.53,5,3,4,2,-5.56,5,21.89,4.92,suspension,33.97
CMPD-0534,246.79,0.85,44.25,1,6,1,3,-1.96,10,12.15,5.96,tablet,57.12
CMPD-0535,308.3,1.75,100.99,2,3,0,4,-2.34,200,48.6,6.02,tablet,64.58
CMPD-0536,385.21,1.97,52.68,0,6,6,3,-1.17,100,36.05,5.77,suspension,56.47
CMPD-0537,285.35,4.26,82.58,1,4,5,5,-3.49,100,51.48,6.58,capsule,51.79
CMPD-0538,337.7,4.15,64.38,2,6,5,4,-4.75,50,32.4,6.94,capsule,35.25
CMPD-0539,490.69,0.26,67.34,0,5,9,2,-1.62,400,28.24,6.4,suspension,38.25
CMPD-0540,316.54,2.6,101.82,2,7,1,2,-3.43,100,54.68,5.1,capsule,40.47
CMPD-0541,471.93,1.22,38.59,4,5,2,1,-0.77,50,37.13,5.48,tablet,55.36
CMPD-0542,255.73,0.23,143.08,3,4,5,2,-2.44,100,10.7,9,tablet,32.06
CMPD-0543,438.28,2.11,11.26,3,7,4,1,-3.54,25,34.81,5.24,capsule,40.15
CMPD-0544,538.57,1.94,54.08,5,3,5,0,-4.82,50,23.53,5.28,tablet,40.8
CMPD-0545,120,6.87,87.96,3,2,8,0,-3.66,5,21.84,4.64,capsule,1.72
CMPD-0546,292.34,3.28,95.45,6,4,7,3,-2.09,5,43.02,7.66,capsule,53.24
CMPD-0547,443.48,0.02,71.48,1,6,5,1,-5.76,10,69.85,7.65,capsule,27.21
CMPD-0548,357.67,1.48,72.99,4,5,6,4,-4.11,200,28.85,6.98,tablet,48.9
CMPD-0549,420.83,4.34,89.37,0,2,4,5,-5.92,200,14.34,8.04,solution,40.03
CMPD-0550,313.56,6.26,66.91,2,1,4,1,-5.06,5,95.64,5.63,suspension,11.17
CMPD-0551,389.52,-0.35,123.76,4,3,5,1,-4.42,10,58.77,5.11,tablet,31.14
CMPD-0552,362.88,-0.88,104.38,2,8,5,3,-3.91,5,16.04,6.83,tablet,16.09
CMPD-0553,508.46,5.87,105.55,3,7,3,3,-2.97,50,23.35,7.07,capsule,9.16
CMPD-0554,407.99,3.2,41.18,0,3,6,3,-2.45,25,8.36,6.73,tablet,62.91
CMPD-0555,417.14,0.94,72.22,0,4,8,2,-1.42,10,16.74,6.13,capsule,52.08
CMPD-0556,334.69,3.46,64.48,2,3,3,3,-1.1,25,31.97,7.73,capsule,62.37
CMPD-0557,326.36,-2,39.8,5,0,6,2,-1.72,100,77.32,6.45,solution,9.84
CMPD-0558,332.42,2.51,87.61,1,4,3,1,-4.07,100,9.62,6.8,tablet,52.33
CMPD-0559,423.39,3.09,56.18,1,5,8,1,-3.15,25,27.87,6.47,capsule,36.55
CMPD-0560,333.69,4.16,97.94,2,5,3,4,-4.34,50,5.26,5.91,tablet,42.34
CMPD-0561,411.88,0.67,37.54,2,3,11,3,-3.12,25,95.97,5.22,tablet,42.2
CMPD-0562,608.29,2.65,135.17,1,2,8,3,-3.74,25,31.06,7.01,tablet,52.99
CMPD-0563,475.82,0.83,43.63,0,4,10,2,-5.21,25,23.17,3.9,tablet,42.92
CMPD-0564,344.14,2.96,82.68,3,7,7,0,-1.32,10,11.04,5.74,tablet,54.46
CMPD-0565,512.13,0.89,102.72,1,0,9,2,-0.94,400,7.57,5.9,tablet,49.83
CMPD-0566,335.11,1.77,55.03,1,8,7,0,-4.64,10,21.59,5.04,capsule,47.51
CMPD-0567,155.81,0.71,104.84,1,3,8,3,-2.72,400,17.59,6.15,capsule,50.91
CMPD-0568,269.11,3.67,31.98,2,6,8,5,-4.57,25,57.15,7.04,tablet,46.41
CMPD-0569,174.21,4.05,125.82,2,2,4,5,-3.62,200,10.43,6.65,solution,59.19
CMPD-0570,341.33,2.08,75.5,2,1,5,1,-4.3,50,39.75,5.81,capsule,63.17
CMPD-0571,382.03,2.57,54.13,0,4,6,2,-4.44,100,34.42,7.24,suspension,71.42
CMPD-0572,564.41,-0.11,64.53,3,5,5,1,-3.21,100,3.15,6.82,capsule,19.81
CMPD-0573,415.96,1.96,103.31,4,0,2,1,-6.22,100,12.57,5.13,capsule,31.28
CMPD-0574,355.9,2.41,54.54,1,4,5,2,-4.28,5,47.89,5.57,tablet,47.34
CMPD-0575,471.23,7.22,48.77,5,4,3,5,0,50,32.44,4.81,tablet,1
CMPD-0576,136.78,0.5,67.25,2,2,7,2,-5.81,10,49.4,6.08,tablet,32.97
CMPD-0577,405.92,5.14,33.81,1,4,1,1,-4.07,100,5.12,5.7,tablet,43.56
CMPD-0578,464.8,4.29,138.72,3,3,1,0,-3.07,10,4.11,6.23,tablet,36.09
CMPD-0579,217.36,3.01,55.18,2,2,3,1,-3.77,10,109.81,8.82,solution,54.21
CMPD-0580,505.81,5.67,104.11,1,3,2,3,-4.65,10,30.83,4.54,solution,31.71
CMPD-0581,417.23,3.17,82.33,2,4,5,2,-2.05,200,29.05,4.22,capsule,55.83
CMPD-0582,334.32,3.2,40.54,1,7,0,2,-3.28,10,2.33,8.29,tablet,60.82
CMPD-0583,449.61,2.4,74.79,4,5,4,2,-4.44,25,4.33,7.13,tablet,39.92
CMPD-0584,629.78,4.7,102.44,3,7,4,2,-2.21,10,38.06,7.67,capsule,37.32
CMPD-0585,400.01,4.47,68.41,3,4,3,2,-4.29,5,36.5,6.09,capsule,37.91
CMPD-0586,407.3,1.37,116.76,5,4,2,1,-4.81,10,9.56,7.33,tablet,41.05
CMPD-0587,329.47,0.13,110.75,1,6,5,0,-2.62,100,4.48,6.35,tablet,41.4
CMPD-0588,286.52,2.13,107.16,3,4,5,4,-5.46,10,27.24,7.54,tablet,54.08
CMPD-0589,471.34,1.06,58.91,3,6,3,4,-0.86,100,35.34,7.72,tablet,53.61
CMPD-0590,285.83,2.39,37.21,5,2,2,2,-1.23,10,25.78,7.61,capsule,61.16
CMPD-0591,387.87,4.73,53.52,2,5,6,2,-2.68,50,58.71,5.71,tablet,38.98
CMPD-0592,327.46,1.68,81.87,0,3,2,2,-4.37,25,22.79,6.61,tablet,59.53
CMPD-0593,432.69,2.42,94.1,2,2,7,0,-5.1,100,5.66,5.35,capsule,56.13
CMPD-0594,416.7,2.6,10,4,3,5,2,-7.36,5,6.12,7.16,capsule,41.77
CMPD-0595,494.13,4.03,74.72,1,4,10,0,-1.08,10,17.16,6.91,solution,55.27
CMPD-0596,323.9,-1.54,80.53,4,1,2,2,-4.95,100,22.58,4.59,tablet,4.32
CMPD-0597,350.31,1.41,65.29,2,5,6,1,-2.97,200,15.86,7.05,tablet,46.1
CMPD-0598,272.34,2.88,120.19,1,6,6,2,-3.2,400,40.37,7.02,suspension,49.18
CMPD-0599,331.13,4.66,89.76,2,1,6,3,-6.01,25,25.78,7.18,solution,41.66
CMPD-0600,421.5,1.61,120.86,2,2,4,1,-4.41,200,60.25,6.56,capsule,46.67
CMPD-0601,463.27,-0.88,67.44,2,2,6,3,-5.2,10,27.96,7.18,solution,26.62
CMPD-0602,278.56,3.62,107.81,3,5,6,2,-2.31,25,64.46,6.88,tablet,51.17
CMPD-0603,475.66,1.36,132.23,4,4,2,5,-2.24,5,2.87,5.43,suspension,49.57
CMPD-0604,529.12,0.36,120.91,2,4,3,4,-3.87,100,22.23,7.26,capsule,36.01
CMPD-0605,425.48,1.38,36.78,0,5,3,2,-4.76,5,12.36,5.36,capsule,41.67
CMPD-0606,586.45,2.17,66.12,2,6,6,1,-3.22,25,18.56,5.22,capsule,47.07
CMPD-0607,294.88,1.41,62.92,2,5,2,2,-1.84,50,58,6.75,capsule,69.19
CMPD-0608,243.09,-1.47,92.12,1,4,5,5,-5.72,50,34.16,3.3,capsule,4.13
CMPD-0609,184.34,4.11,99.02,1,2,3,3,-0.33,200,10.6,5.7,tablet,59.1
CMPD-0610,544.56,4.79,45.64,1,6,8,4,-3.87,400,84.08,6.12,capsule,31.39
CMPD-0611,451.98,3.67,77.37,1,2,3,1,-3.68,100,71.72,8.09,solution,47.24
CMPD-0612,373.89,0.45,10,2,4,7,5,-1.1,10,6.83,6.24,tablet,55.5
CMPD-0613,410.8,2.14,125.47,1,4,2,2,-3.58,200,19.96,8.81,solution,56.82
CMPD-0614,256.2,2.49,57.07,2,9,4,3,-3.66,5,124.29,4.71,suspension,52.09
CMPD-0615,649.03,3.58,76.96,4,3,3,2,-4.87,50,80.04,7.07,tablet,31.23
CMPD-0616,394.21,3.7,64.16,4,4,6,2,-4.37,50,6.66,7.28,capsule,53.45
CMPD-0617,392.03,1.18,115.11,2,6,5,0,-4.56,10,34.34,5.4,tablet,36.6
CMPD-0618,459.83,2.65,10,2,1,2,4,-6.15,5,71.97,6.39,tablet,41.92
CMPD-0619,432.91,3.32,74.42,2,6,12,1,-6.62,25,28.64,6.37,capsule,26.89
CMPD-0620,404.63,5.12,71.3,0,5,1,0,-3.85,200,61.65,7.8,tablet,19.25
CMPD-0621,293.05,3.77,59.12,1,6,4,3,-5.57,50,21.44,4.77,tablet,46.22
CMPD-0622,431.86,3.92,135.42,0,4,6,1,-2.52,100,39.42,8.75,capsule,40.93
CMPD-0623,587.02,2.65,43.94,1,3,4,2,-3.83,100,62.42,4.22,capsule,39.23
CMPD-0624,528,5.04,102.01,1,4,7,0,-5.89,25,10.54,7.01,capsule,20.76
CMPD-0625,555.25,3.24,87.47,3,6,5,1,-1.21,10,16.05,5.45,tablet,54.03
CMPD-0626,323.77,0.95,119.15,2,3,4,1,-4.14,10,32.41,7.07,capsule,44.84
CMPD-0627,271.14,5.03,51.65,2,3,7,1,-2.73,200,57.64,5.71,tablet,37.84
CMPD-0628,366.16,3.76,49.35,3,6,7,2,-1.03,50,35.6,8.12,solution,68.7
CMPD-0629,386.13,1.7,113.36,1,4,2,2,-3.55,200,12.94,6.62,capsule,57.28
CMPD-0630,500.36,1.64,89.89,6,1,5,3,-3.48,50,30.38,6,capsule,43.73
CMPD-0631,193.83,3.03,20.93,2,5,3,1,-1.34,50,19.3,5.15,solution,67.21
CMPD-0632,548.25,3.33,56.12,4,1,4,2,-3.94,25,23.2,6.97,capsule,43.62
CMPD-0633,362.62,2.86,88.52,2,4,5,5,-1.89,25,33.67,7.04,tablet,58.08
CMPD-0634,333.04,3.06,104.32,0,5,7,1,-3.61,50,9.21,6.06,tablet,57.57
CMPD-0635,268.67,5.56,51.23,3,6,6,0,-3.24,10,23.81,6.54,capsule,30.73
CMPD-0636,197.97,4.43,10,1,1,3,2,-3.27,5,74.36,6.84,tablet,48.96
CMPD-0637,470.55,2.84,93.31,1,4,6,2,-4.05,50,35.4,7.27,tablet,49.99
CMPD-0638,388.06,4.19,32.29,2,4,3,5,-4.3,10,17.53,5.3,tablet,55.72
CMPD-0639,238.1,0.64,10,1,5,4,4,-4.48,10,102.54,5.95,capsule,47.26
CMPD-0640,237.54,3.22,10,3,3,5,1,-5.44,100,53.28,7.23,capsule,54.71
CMPD-0641,343.06,5.76,103.49,2,2,4,4,-4.17,200,37.43,6.37,capsule,17.74
CMPD-0642,563.59,2.11,79.5,4,5,5,4,-3.9,5,15.8,4.25,tablet,39.66
CMPD-0643,351.44,0.97,67.1,0,7,4,2,-2.89,50,12.96,8.41,capsule,41.65
CMPD-0644,214.65,1.33,123.62,2,3,9,3,-3.64,400,17.22,7.52,tablet,44.77
CMPD-0645,352.97,0.54,97.31,2,5,6,1,-1.88,5,32.22,4.4,solution,34.87
CMPD-0646,350,1.09,131.57,2,3,1,1,-1.95,50,17.91,5.71,capsule,44.04
CMPD-0647,120,1.83,26.25,3,1,5,3,-1.48,400,54.89,8.39,tablet,61.42
CMPD-0648,374.03,-0.03,73.79,3,11,7,2,-3.8,200,11.8,7.05,tablet,20.5
CMPD-0649,354.6,2.53,18.42,0,4,2,3,-4.27,5,83.65,4.77,capsule,45.18
CMPD-0650,456.58,4.12,66.97,2,6,4,1,-5.55,5,23.5,4.15,tablet,35.02
CMPD-0651,583.39,0.87,66.3,2,3,4,3,-1.54,10,25.13,4.38,tablet,36.03
CMPD-0652,503.92,5.23,96.93,3,4,2,4,-5.23,400,30.33,5.91,suspension,26.15
CMPD-0653,350.42,3.42,76.59,3,8,4,3,-4.85,5,43.9,7.3,tablet,46.47
CMPD-0654,258.28,4.36,96.82,1,5,6,1,-3.16,5,4.4,4.66,capsule,57.15
CMPD-0655,663.07,1.32,99.62,1,2,3,1,-3.96,200,53.23,7.18,capsule,41.74
CMPD-0656,386.51,4.04,150.42,2,7,4,3,-1.33,400,32.48,5.45,solution,62.21
CMPD-0657,381.53,0.53,63.96,1,4,2,3,-4.65,50,31.14,4.27,tablet,33.73
CMPD-0658,377.35,4.1,42.06,2,1,6,1,-3.46,10,50.52,6.08,tablet,44.63
CMPD-0659,401.79,2.81,83.61,5,10,3,3,-6.28,5,40.81,8.87,capsule,37.09
CMPD-0660,364.12,3.5,46.92,4,5,4,1,-1.65,10,41.61,8.11,tablet,53.82
CMPD-0661,316.9,0.38,126.87,3,2,4,2,-6.01,10,12.92,5.9,capsule,33.25
CMPD-0662,319.85,0.89,65.09,4,3,4,1,0,25,3.24,6.75,capsule,60.17
CMPD-0663,376.4,3.58,55.2,0,2,4,0,-3.68,50,23.48,5.8,tablet,53.64
CMPD-0664,320.22,0.79,58.5,0,2,6,3,-3.93,25,42.15,4.14,capsule,42.34
CMPD-0665,301.59,3.33,100.14,0,2,4,2,-3.55,10,10.13,5.77,solution,60.64
CMPD-0666,391.71,0.04,69.48,1,5,7,5,-5.11,200,34.73,7.27,tablet,22.79
CMPD-0667,351.95,4.03,52.54,2,5,4,0,-2.51,200,9.24,5.09,tablet,44.27
CMPD-0668,545.44,0.28,133.29,1,7,3,3,-4.11,5,35.13,7.79,capsule,29.09
CMPD-0669,120,3.49,45.03,1,5,2,3,-3.97,400,25.64,7.84,suspension,51.22
CMPD-0670,500.07,3.63,76.24,0,4,4,5,-1.57,50,141.03,5.96,capsule,47.47
CMPD-0671,517.07,1.25,97.83,3,5,3,2,-6.08,100,13.02,6.63,solution,50.52
CMPD-0672,151.93,3.55,17.9,3,3,1,1,-3.79,50,17.92,8.06,suspension,62.25
CMPD-0673,342.3,2.97,91.81,2,4,4,2,-3.66,25,30.89,6.94,capsule,59.02
CMPD-0674,339.14,1.53,38.07,2,4,5,5,-3.29,400,23.18,8.25,suspension,61
CMPD-0675,225.17,0.68,103.8,1,6,5,2,-4.33,50,34.69,4.39,tablet,49.24
CMPD-0676,294.44,-1.03,41.31,0,2,4,1,-3.98,5,30.63,5.8,capsule,24.25
CMPD-0677,257.84,3.13,99.25,1,4,3,4,-0.73,50,15.65,6.11,suspension,69.43
CMPD-0678,572.75,-0.32,113.7,0,4,3,3,-2.75,100,29.01,7.99,capsule,23.83
CMPD-0679,482.92,2.67,105.15,4,4,6,3,-4.67,200,24.63,6.5,capsule,35.94
CMPD-0680,519.87,2.03,83.8,2,5,1,1,-2.52,400,27.85,5.61,suspension,42.84
CMPD-0681,459.38,3.72,66.9,1,2,5,1,-3.43,25,30.83,6.37,tablet,43.64
CMPD-0682,255.8,1.96,54.83,5,6,4,0,-2.39,25,23.08,7.12,tablet,52.4
CMPD-0683,322.3,1.91,126.49,1,3,6,2,-3.81,10,2.42,6.12,solution,61.66
CMPD-0684,433.83,3.82,50.52,2,3,6,2,-4.71,400,50.24,7.51,tablet,33.23
CMPD-0685,245.57,3.1,38.7,3,1,8,2,-6,25,6.22,6.64,capsule,44.51
CMPD-0686,458.43,3.07,98.29,1,3,4,3,-1.77,100,60.26,6.14,tablet,41.77
CMPD-0687,353.56,3.34,47.14,1,3,1,4,-2.47,100,18.48,7.91,capsule,57.55
CMPD-0688,338.77,-0.26,41.75,2,3,7,1,-2.96,200,30.86,8.23,capsule,34.15
CMPD-0689,458.21,3.86,24.47,1,5,9,5,-2.53,25,6.79,7.9,tablet,51.05
CMPD-0690,428.87,3.6,58.1,1,5,2,3,-1.64,200,27.42,5.53,tablet,53.65
CMPD-0691,340.29,0.67,72.1,2,9,5,2,-6.02,50,48.57,7.93,tablet,30.53
CMPD-0692,507.53,2.06,83.51,0,6,6,2,-3.37,100,7.78,7.7,solution,57.63
CMPD-0693,261.08,2.43,108.3,3,3,2,1,-6.22,25,2.37,5.13,tablet,53.45
CMPD-0694,447.75,2.26,93.44,1,6,10,2,-4.09,25,10.48,6.1,tablet,43.9
CMPD-0695,445.24,3.1,68.32,1,4,5,1,-3.01,50,16.49,7.99,tablet,52.48
CMPD-0696,345.95,5.08,68.06,1,3,2,2,-4.03,200,10.49,7.65,capsule,29.31
CMPD-0697,415.87,4.45,92.86,3,4,5,2,-0.86,400,46.77,5.87,capsule,46.38
CMPD-0698,242.38,0.14,119.54,3,10,7,2,-3.94,25,20.06,5.19,solution,35.76
CMPD-0699,481.64,3.62,79.42,1,3,5,1,-4.66,5,11.23,8.06,tablet,41.43
CMPD-0700,359.66,4.89,58.58,2,4,5,1,-3.45,10,21.42,7.18,solution,39.63
CMPD-0701,322.5,3.2,40.25,2,3,3,3,-5.05,100,21.84,6.54,solution,62.84
CMPD-0702,495.39,4.46,24.42,2,7,7,1,-4.81,50,28.5,5.54,tablet,26.84
CMPD-0703,302.52,6.12,98.32,1,4,2,2,-2.1,50,19.54,7.36,tablet,25.91
CMPD-0704,225.07,4.34,95.23,2,5,11,1,-2.01,10,12.01,5.26,tablet,55.91
CMPD-0705,208.77,2.95,95.21,2,4,6,1,-3.26,5,18.41,5.41,tablet,60.92
CMPD-0706,446.66,4.38,70.5,0,3,5,3,-2.58,10,20.46,6.98,capsule,49.29
CMPD-0707,239.15,2.76,124.24,3,1,6,4,-0.37,25,24.6,7.69,tablet,66
CMPD-0708,573.03,2.54,58.06,1,4,4,1,-3.59,400,47.46,6.67,capsule,43.37
CMPD-0709,150.99,1.87,108.43,4,1,4,1,-4.8,200,37.06,6.07,tablet,38.11
CMPD-0710,566.61,5.31,73.64,3,3,5,2,-2.7,50,76.28,7.56,capsule,24.75
CMPD-0711,403.21,1.03,53.71,4,8,5,1,-2.25,200,40.02,5.11,tablet,39.67
CMPD-0712,369.36,5.26,95.74,3,3,1,2,-2.1,200,47.1,5.36,solution,32.07
CMPD-0713,320.06,3.4,89.34,0,6,7,5,-1.78,200,20.54,7.8,capsule,47.18
CMPD-0714,423.9,-0.02,87.49,2,5,9,1,-2.01,400,5.8,5.08,capsule,30.16
CMPD-0715,375.86,3.16,77.84,2,7,6,0,-2.72,200,62.35,4.36,capsule,54.31
CMPD-0716,501.36,-1.28,73.67,1,3,6,1,-2.55,25,10.56,5.32,solution,18.15
CMPD-0717,392.57,3.63,158.59,1,3,3,3,-2.88,400,14.91,7.81,capsule,45.75
CMPD-0718,396.53,4.09,116.45,1,9,6,1,-5.88,50,22.03,7.57,tablet,32.32
CMPD-0719,340,1.43,100.3,4,3,8,1,-6.08,200,4.25,4.74,capsule,30.96
CMPD-0720,373.74,2.72,78.91,1,5,8,2,-5.08,50,53.9,5.52,capsule,43.56
CMPD-0721,413.86,6.02,110.25,2,5,8,1,-2.27,400,39.99,4.71,tablet,17.04
CMPD-0722,191.88,1.59,93.13,0,10,6,2,-4.16,200,26.65,7.26,capsule,57.76
CMPD-0723,231.7,0.59,75.92,1,5,4,3,-3.3,25,65.26,5.03,tablet,50.38
CMPD-0724,461.76,5.17,64.38,4,8,3,3,-1.16,10,15.39,7.04,capsule,40.16
CMPD-0725,398.8,6.03,72.17,0,10,5,0,-1.87,200,24.56,6.25,capsule,28.99
CMPD-0726,359.76,2.51,10,2,2,5,2,-6.76,100,25.26,6.61,capsule,43.4
CMPD-0727,382.03,4.32,82.37,0,1,3,3,-2.4,100,41.74,4.49,capsule,66.48
CMPD-0728,418.23,4.91,57.9,3,7,4,3,-3.42,10,22.93,7.57,tablet,21.21
CMPD-0729,320.63,1.16,130.74,2,2,6,3,-4.48,5,33.51,8.36,tablet,40.78
CMPD-0730,294.39,1.63,75.68,2,2,4,0,-3.99,400,67.03,8.28,tablet,27.31
CMPD-0731,401.54,4.72,33.39,2,3,6,2,-3.97,10,18.05,6.58,suspension,47.65
CMPD-0732,272.38,5.53,73.25,1,3,3,5,-5.47,10,19.63,4.04,tablet,16.57
CMPD-0733,424.91,3.51,38.39,2,4,3,3,-3.13,10,40.96,6.07,tablet,46.53
CMPD-0734,192.72,0.92,91.57,2,2,4,0,-0.24,100,8.48,6.82,capsule,69.6
CMPD-0735,493.21,6.08,85.18,3,6,5,0,-1.98,50,20.09,6.66,tablet,12.12
CMPD-0736,431.99,1.54,108.52,3,3,3,3,-6.54,5,4.71,4.65,capsule,41.83
CMPD-0737,408.16,1.9,47.32,1,4,9,1,-3.06,400,58.74,7.35,solution,54.63
CMPD-0738,488.1,3.12,76.19,3,6,3,1,-3.06,5,53.88,7.43,tablet,41.85
CMPD-0739,563.2,5.3,27.22,3,3,4,0,-4.99,5,31.47,7.43,capsule,28.43
CMPD-0740,491.58,4.04,99.55,4,7,5,1,-5.32,25,17.77,5.64,tablet,31.62
CMPD-0741,177.5,3.25,93.16,0,2,1,2,-2.15,200,18.47,4.76,solution,70.44
CMPD-0742,239.25,3.33,92.35,1,3,2,0,-3.34,10,14.17,5.91,solution,61.74
CMPD-0743,311.27,2.58,75.06,0,6,5,2,-4.22,50,16.4,7.91,tablet,53.67
CMPD-0744,382.87,3.5,89.52,1,2,6,0,-2.6,50,8.57,5.34,tablet,50.46
CMPD-0745,436.94,-2,131.15,0,8,3,2,-0.32,25,45.54,5.46,solution,9.82
CMPD-0746,300.17,1.97,65.02,2,4,5,2,-3.11,100,108.35,5.23,suspension,54.94
CMPD-0747,400.54,2.93,79.85,5,4,5,1,-3.06,25,26.47,6,tablet,52.62
CMPD-0748,296.91,0.43,36.99,0,3,6,0,-3.53,25,27.99,7,capsule,47.75
CMPD-0749,312.73,3.2,44.61,6,4,1,2,-4.09,10,27.85,7.31,suspension,64.71
CMPD-0750,225.27,2.13,78.42,0,5,6,2,-2.27,100,9.02,4.99,capsule,60.52
CMPD-0751,278.44,5.66,113.64,4,9,5,0,-3.79,200,21.54,7.71,solution,25.43
CMPD-0752,231.31,5.33,66.03,2,2,7,3,-2.75,200,16.04,7.88,tablet,37.09
CMPD-0753,272.65,1.66,66.74,3,2,2,2,-1.25,25,9.4,6.16,tablet,58.77
CMPD-0754,495.9,2.23,60.76,1,1,2,1,-2.38,200,75.3,4.84,tablet,51.81
CMPD-0755,275.57,2.37,56.28,4,6,3,2,-5.41,50,41.28,8.01,tablet,50.07
CMPD-0756,669.56,1.69,85.32,2,5,2,3,-5.5,10,19.06,6.95,solution,35.84
CMPD-0757,434.26,2.85,22.6,1,1,4,2,-1.62,200,18.93,8.78,tablet,64.62
CMPD-0758,400.33,1.14,119.83,0,5,3,5,-3.67,100,48.84,4.77,tablet,35.57
CMPD-0759,285.58,0.46,51.71,3,4,5,1,-3.11,50,5.04,6.85,solution,45.29
CMPD-0760,457.03,3.62,100.27,4,1,5,1,-4.69,5,23.49,8.26,solution,41.58
CMPD-0761,316.68,3.63,30.55,2,2,5,2,-2.58,10,51.32,7.06,capsule,61.8
CMPD-0762,393.42,1.05,98.41,4,6,7,2,-0.67,50,35.82,3.88,tablet,62.1
CMPD-0763,661.61,4.11,98.52,3,6,4,3,-3.27,25,18.68,3.99,tablet,24.28
CMPD-0764,369.43,1.36,88.45,2,3,4,0,-2.53,25,2.49,8.66,capsule,54.5
CMPD-0765,506.42,2.96,40.2,5,5,3,1,-1.63,10,24.87,5.76,capsule,59.96
CMPD-0766,302.65,3.98,83.73,1,6,6,2,-0.98,100,5.79,7.07,tablet,60.24
CMPD-0767,376.15,2.44,33.59,2,1,4,0,-4.52,400,16.59,4.94,tablet,47.43
CMPD-0768,574.79,3.32,66.15,2,6,5,3,-2.88,25,16.87,5.82,tablet,50.71
CMPD-0769,311.03,1.57,111.03,1,5,5,4,-1.59,50,7.25,7.64,tablet,54.95
CMPD-0770,579.37,2.15,102.88,0,8,7,3,-1.17,5,21.44,6.84,tablet,51.73
CMPD-0771,457.85,2.13,75.53,3,7,3,4,-4.14,100,22.04,5.96,capsule,41.37
CMPD-0772,318.13,1.16,40.88,3,5,7,3,-4.51,400,67.2,7.46,tablet,47.48
CMPD-0773,449.56,2.18,97.6,3,3,3,2,-3.73,10,62.71,6.43,tablet,49.47
CMPD-0774,486.98,-0.29,75.68,2,1,6,1,-3.98,25,8.16,7.7,tablet,25.13
CMPD-0775,448.4,1.62,10,3,6,6,1,-3.92,100,69.85,5.98,capsule,48.84
CMPD-0776,207.28,1.99,102.39,3,3,3,0,-2.88,5,29.38,6.85,capsule,57.82
CMPD-0777,300.01,2.04,74.15,0,1,5,1,-4.31,100,15.37,8.9,solution,65.66
CMPD-0778,352.77,2.07,117.09,1,5,4,1,-1.16,100,17.31,6.69,tablet,64.76
CMPD-0779,371.81,2.39,36.67,4,2,7,0,-4.11,10,16.72,7.33,tablet,54.02
CMPD-0780,448.27,3.36,10,1,6,6,2,-4.4,400,26.32,4.4,solution,48.29
CMPD-0781,399.55,4.07,84.77,2,2,4,4,-5.25,5,21.1,6.68,tablet,31.32
CMPD-0782,233.11,1.33,85.2,3,4,3,2,-1.61,5,4.57,6.75,tablet,63.2
CMPD-0783,421.82,0.33,15.83,1,2,4,3,-5.44,100,28.57,5.05,tablet,33.58
CMPD-0784,447.16,0.62,40.75,1,3,3,3,-2.81,25,13.03,6.18,tablet,55.52
CMPD-0785,441.58,1.62,171.43,4,2,10,1,-2.46,100,10.77,6.15,capsule,34.1
CMPD-0786,498.89,1.87,64.3,5,3,4,3,-7.87,50,37.41,5.17,tablet,24.79
CMPD-0787,471.73,1.11,100.58,1,1,1,0,-5.46,25,13.73,5.89,tablet,41.71
CMPD-0788,430.51,0.17,52.23,1,5,3,2,-4.07,10,74.67,9,capsule,35.05
CMPD-0789,372.28,1.68,10,5,1,4,1,-0.66,5,46.17,6.53,capsule,69.41
CMPD-0790,197.29,2.83,69.04,0,5,4,3,-4.07,200,29.57,6.87,tablet,62.26
CMPD-0791,427.26,3.57,65.7,2,4,4,2,-4.26,25,52.59,8.76,tablet,44.37
CMPD-0792,402.85,1.5,61,1,4,5,1,-4.62,10,47.86,3.51,capsule,50.37
CMPD-0793,409.87,1.76,70.99,2,2,5,1,-4.65,100,17.99,9,solution,43.73
CMPD-0794,239.56,0.83,84.25,2,5,7,3,-4.45,10,7.19,7.39,tablet,41.29
CMPD-0795,261.08,2.44,69.75,1,3,5,2,-4.51,50,13.23,5.02,suspension,62.15
CMPD-0796,495.85,0.97,30.76,3,5,11,2,-4.57,200,14.69,5.01,tablet,35.23
CMPD-0797,375.65,3.53,92.02,3,2,4,5,-4.57,10,18.66,7.46,capsule,56.33
CMPD-0798,454.97,-0.71,10,3,8,3,2,-4.07,200,11.28,7.43,capsule,14.35
CMPD-0799,383.12,1.85,10,1,7,4,2,-2.07,200,8.31,7.02,tablet,66.16
CMPD-0800,383.27,3.04,100.87,0,6,0,0,-5.18,25,12.14,5.36,capsule,47.61
CMPD-0801,483.21,2.83,92.75,2,9,6,2,-4.47,400,64.89,6.78,capsule,41.8
CMPD-0802,323.24,7.35,72.99,1,4,7,2,-4.28,5,15.92,5.73,solution,1
CMPD-0803,390.57,3.13,26.16,4,4,1,1,-3.5,25,72.27,6.17,capsule,54.25
CMPD-0804,329.15,0.69,50.22,4,5,5,0,-4.64,25,1.6,5.32,tablet,45.28
CMPD-0805,332.21,2.33,65.8,1,9,6,3,-0.39,5,51.54,5.69,tablet,66.45
CMPD-0806,345.99,-0.7,19.14,0,2,4,1,-2.63,50,9.77,3.98,tablet,33.88
CMPD-0807,404.43,2.35,49.13,2,1,3,0,-2.04,25,56.02,8.3,capsule,65.53
CMPD-0808,327.34,1,97.83,2,3,3,2,-3.14,5,101.94,5.49,capsule,50.64
CMPD-0809,518.13,4.15,124.96,4,5,3,1,-1.39,5,23.72,8.15,suspension,42.79
CMPD-0810,281.59,1.51,60.32,1,4,4,3,-5.21,25,12.26,5.95,tablet,51.99
CMPD-0811,359.44,2.29,101.48,1,3,6,4,-4.34,200,77.4,5.79,tablet,52.19
CMPD-0812,331.63,1.36,10,2,4,3,5,-4.72,5,9.02,4,tablet,62.37
CMPD-0813,539.17,5.63,98.08,6,1,4,1,-3.76,200,58.08,8.79,tablet,12.48
CMPD-0814,401.62,1.92,46.86,1,2,6,5,-1.12,100,17.59,7.76,tablet,55.74
CMPD-0815,493.5,5.8,85.76,0,2,5,1,-0.2,25,16.79,5.36,capsule,34.02
CMPD-0816,216.59,3.97,66.33,1,5,7,0,-2.07,200,43.32,7.6,tablet,63.09
CMPD-0817,409.38,3.37,121.21,1,3,5,3,-3.65,50,39.51,7.78,suspension,46.69
CMPD-0818,477.86,3.16,44.39,0,10,1,1,-1.82,100,8.23,6.74,suspension,53.65
CMPD-0819,389.05,3.21,96.97,1,4,8,1,-1.28,400,15.51,6.71,tablet,58.11
CMPD-0820,497.2,-0.97,65.22,1,4,6,2,-1.74,50,66.22,6.48,solution,27.35
CMPD-0821,323.1,2,69.46,4,4,4,4,-3.7,200,41.75,5.56,tablet,49.75
CMPD-0822,535.03,4.02,68.57,6,4,10,0,-3.66,400,44.01,6.02,tablet,27.91
CMPD-0823,632.88,2.41,45.4,1,4,3,0,-4.49,25,90.74,5.34,tablet,39.51
CMPD-0824,340.09,-0.03,74.51,1,4,5,3,-3.87,10,11.64,7.74,tablet,31.95
CMPD-0825,330.99,2.41,72.81,1,6,6,1,-4.7,5,12.43,8.49,capsule,53.37
CMPD-0826,539.87,5.57,83.44,2,1,5,3,-3.6,100,19.87,6.94,tablet,25.48
CMPD-0827,553.75,4.74,77.96,0,5,7,2,-3.53,25,33.86,5.87,solution,38.76
CMPD-0828,322.49,2.39,102.93,5,2,6,2,-4.8,5,104.45,5.97,solution,58
CMPD-0829,333.78,4.21,107.32,2,6,3,2,0,200,10.22,6.93,tablet,55.16
CMPD-0830,349,1.84,38.23,2,6,8,1,-3.06,10,21.64,7.17,tablet,59.24
CMPD-0831,232.11,-0.57,105.41,1,2,6,5,-1.56,50,21.02,6.67,tablet,32.01
CMPD-0832,278.95,0.84,33.48,1,5,7,0,-1.7,25,48.94,5.64,capsule,56.16
CMPD-0833,269.54,5.31,95.57,1,4,6,1,-0.59,25,13.65,7.91,tablet,43.26
CMPD-0834,295.54,2.01,96.69,6,2,4,2,-4.86,200,24.3,6.65,tablet,44.16
CMPD-0835,376.18,2.06,10,2,5,6,3,-4.32,10,66.31,7.05,capsule,46.12
CMPD-0836,405.76,1.96,78.25,1,4,6,4,-6.22,400,31.31,3.97,solution,53.84
CMPD-0837,550.56,5.93,58.6,0,4,4,2,-5.93,50,28.94,6.24,tablet,8.28
CMPD-0838,270.18,5.43,48.44,4,4,3,0,-5.01,25,73.16,7.35,capsule,12.34
CMPD-0839,488.28,6.49,122.28,0,4,6,1,-3.73,200,15.18,5.02,tablet,1
CMPD-0840,356.46,2.21,52.12,4,4,2,0,-3.64,400,56.95,4.4,capsule,58.2
CMPD-0841,374.56,3.03,46.78,1,3,7,5,0,5,51.52,7.86,tablet,72.49
CMPD-0842,454.23,-0.23,77.65,3,3,6,1,-2.75,200,17.67,6.65,solution,38.68
CMPD-0843,256.5,5.16,99,2,4,2,3,-2.04,10,49.23,6.74,suspension,47.25
CMPD-0844,422.07,0.4,70.04,2,3,6,1,-3.29,400,22.96,6.98,capsule,46.94
CMPD-0845,398.31,2.89,115.82,3,4,3,3,-5.47,25,13.23,6.81,suspension,48
CMPD-0846,434.17,0.52,93.58,1,2,5,2,-3.05,200,18.71,2.93,tablet,44.84
CMPD-0847,411.81,1.44,10,1,6,6,2,-5.92,400,46.23,6.01,capsule,37.32
CMPD-0848,650.08,0.99,56.47,1,3,3,3,-3.77,50,27.07,6.33,capsule,35.91
CMPD-0849,309.85,1.41,55.34,2,3,6,3,-2.53,100,8.03,6.69,tablet,57.34
CMPD-0850,321.59,1.53,91.78,1,1,7,3,-4.38,25,23.56,6.53,tablet,55.56
CMPD-0851,311.45,1.51,10,1,2,4,4,-3.21,50,64.8,5.98,capsule,67.41
CMPD-0852,318.9,4,164.22,1,4,3,0,-4.4,10,31.18,7.56,capsule,42.6
CMPD-0853,309.89,0.51,93.59,3,3,9,3,-5.16,50,61.98,6.16,tablet,27.49
CMPD-0854,510.79,2.9,80.21,6,6,7,3,-2.77,50,25.9,6.72,suspension,59.18
CMPD-0855,536.26,4.69,116.35,2,4,6,1,-1.93,400,27.06,8.41,solution,38.6
CMPD-0856,317.22,1.58,157.03,0,3,11,3,-1.94,10,8.7,4.77,tablet,46.11
CMPD-0857,288.44,1.21,105.48,0,1,1,0,-3.86,100,14.04,3.78,tablet,55.65
CMPD-0858,431.86,2.09,108.21,3,5,7,3,-6.76,200,4.4,6.91,capsule,56.88
CMPD-0859,319.26,4.62,79.57,3,4,7,0,-3.37,5,29.08,7.2,tablet,40.26
CMPD-0860,449.62,2.85,70.05,4,3,4,0,-1.6,100,54.38,9,capsule,53.6
CMPD-0861,402.32,1.54,58.35,2,3,4,1,-5.47,5,9.6,6.54,capsule,52.68
CMPD-0862,213.27,3.37,46.09,0,3,2,2,-0.83,5,38.75,6.29,tablet,74.5
CMPD-0863,550.23,0.52,50.95,2,4,6,1,-6.59,5,25.05,5.87,suspension,23.15
CMPD-0864,577.55,3.73,27.73,3,5,5,5,-2.9,25,31.24,7.8,capsule,54.89
CMPD-0865,312.59,3.24,72.34,2,6,6,3,-2.26,100,17.52,7.11,suspension,58.74
CMPD-0866,337.35,1.95,16.04,1,6,9,5,-1.3,50,50.99,7.48,suspension,64.76
CMPD-0867,411.45,0.99,81.68,2,3,6,2,-2.81,400,20.92,6.83,tablet,38.43
CMPD-0868,416.79,0.9,73.73,2,2,6,3,-3.99,25,7.66,7.53,capsule,43.55
CMPD-0869,452.44,3.46,80.14,1,1,7,4,-3.25,400,5.51,8.19,capsule,57.6
CMPD-0870,601.12,4.71,56.73,1,6,6,1,-4.52,10,20.98,7.22,tablet,36.66
CMPD-0871,360.54,1.35,182.69,4,5,8,4,-6.48,10,25.25,5.85,tablet,31.08
CMPD-0872,292.19,3.33,122.6,2,3,2,0,-3.86,5,38.66,5.34,capsule,36.86
CMPD-0873,228.27,-1.26,31.44,4,6,5,1,-2.76,25,28.97,6.69,capsule,11.9
CMPD-0874,299.6,1.45,83.15,1,4,10,0,-1.96,200,68.5,8.32,solution,62.11
CMPD-0875,376.36,2.44,53.72,1,3,3,3,-4.23,400,5.39,6.75,capsule,52.61
CMPD-0876,577.4,0.86,39.49,3,6,6,2,-1.28,200,28.93,4.51,capsule,47.05
CMPD-0877,323.06,0.81,28.1,2,1,6,2,-3.75,25,28.2,8.63,solution,61.69
CMPD-0878,404.62,1.3,90.13,1,3,7,2,-2.78,10,10.04,7.05,capsule,61.16
CMPD-0879,378.19,3.03,51.15,1,3,3,4,-2.38,50,33.75,6.39,solution,57.73
CMPD-0880,510.72,2.16,108.87,1,5,10,1,-3.42,100,12.57,6.3,suspension,45.92
CMPD-0881,657.96,-1.53,109.78,1,2,4,3,-3.64,100,51.19,3.73,capsule,1
CMPD-0882,321.6,-1.32,123.09,0,6,5,2,-1.16,5,88.32,5.51,capsule,11.82
CMPD-0883,326.16,1.41,45.17,3,7,1,0,-6.05,400,36.54,5.49,capsule,40.71
CMPD-0884,494.86,3.32,91.64,4,4,4,1,-3.44,5,15.68,7.25,capsule,47.85
CMPD-0885,455.01,-2,97.14,1,3,4,0,-6.25,5,24.51,6.25,capsule,1
CMPD-0886,583.14,1.6,58.4,3,4,6,0,-6.2,10,4.95,7.81,capsule,32.04
CMPD-0887,444.23,1.55,47.99,0,2,2,2,-3.58,10,67.34,3.91,solution,57.89
CMPD-0888,340.48,5,131.33,3,6,5,3,-4.29,200,40.22,9,tablet,24.31
CMPD-0889,444.97,1.81,82.96,1,1,5,2,-0.38,100,54.62,7.99,solution,68.53
CMPD-0890,501.96,3.19,97.26,2,3,5,2,-3.88,200,77.69,7.01,tablet,39.3
CMPD-0891,470.25,2.75,46.23,3,3,7,5,-1.8,200,24.82,6.08,solution,58.62
CMPD-0892,435.8,-1.34,32.33,2,4,7,1,-3.42,5,2.49,7.45,tablet,9.47
CMPD-0893,497.33,3.88,55.07,1,5,6,0,-5.3,200,51.76,6.61,tablet,28.71
CMPD-0894,508.62,2.89,70.66,1,2,4,2,-6.14,25,18.28,6.26,tablet,36.47
CMPD-0895,532.04,3.41,37.75,2,9,5,3,-5.55,200,40.08,7.4,tablet,35.81
CMPD-0896,451.36,8,74.66,1,6,2,1,-3.01,400,19.65,7.54,tablet,1
CMPD-0897,361.62,-1.25,15.9,2,8,4,0,-1.1,50,43.77,6.93,capsule,28.98
CMPD-0898,396.14,5.6,35.8,2,2,9,2,-4.87,10,21.31,5.93,tablet,11.61
CMPD-0899,512.72,1.98,98.48,3,11,6,1,-2.24,200,22.36,6.36,capsule,47.3
CMPD-0900,290.14,3.02,96.13,5,9,4,2,-3.77,400,21.05,4.88,tablet,50.66
CMPD-0901,420.55,2.42,61.28,2,4,8,1,-5.1,5,66.67,4.82,solution,52.91
CMPD-0902,336.73,1.74,39.38,2,5,5,1,-2.97,400,55.75,5.78,capsule,48.68
CMPD-0903,383.16,1.47,39.04,1,5,8,2,-1.11,5,54.29,7.66,tablet,55.89
CMPD-0904,520.63,3.09,61.94,4,11,3,3,-3.61,10,22.15,6.64,tablet,54.11
CMPD-0905,401.02,-0.23,97.56,2,4,3,1,-2.26,100,26.76,7.64,capsule,40.88
CMPD-0906,385.11,3.85,107.49,2,2,3,2,-3.04,100,21.19,8.05,capsule,45.58
CMPD-0907,230.42,1.75,57.62,0,6,5,2,-3.03,400,51.21,6.93,capsule,51.3
CMPD-0908,462.09,0.47,34.63,1,4,8,4,-4.7,100,13.59,5.26,suspension,41.37
CMPD-0909,451,1.69,84.37,1,3,9,1,-2.76,100,24.28,7.48,tablet,52.88
CMPD-0910,617.96,4.76,46.18,1,2,7,1,-5.69,25,10.6,5.14,capsule,35.93
CMPD-0911,346.14,1.54,56.86,2,2,4,2,-2.96,5,53.96,5.86,capsule,54.73
CMPD-0912,404.11,3.15,121.38,3,1,6,0,-1.44,100,15.85,8.13,suspension,47.99
CMPD-0913,407.43,1.18,103.95,3,3,7,1,-0.79,400,35.71,6.49,capsule,48.46
CMPD-0914,553.52,3.86,80.53,4,2,2,1,-5.06,400,1.05,7.05,tablet,32.58
CMPD-0915,369.52,3.73,30.48,3,2,3,0,-2.84,400,14.27,4.05,suspension,37.24
CMPD-0916,410.69,5.83,82.4,1,7,2,4,-4.56,100,21.2,6.12,capsule,15.51
CMPD-0917,446.87,2.18,112.19,3,5,4,1,-3.29,200,20.35,6.84,suspension,55.98
CMPD-0918,400.53,3.7,61.85,1,5,5,5,-0.62,400,60.27,6.61,solution,67.69
CMPD-0919,330.89,2.68,122.29,2,6,6,2,-2.18,50,13.91,7.45,tablet,52.66
CMPD-0920,401.35,4.83,120.25,0,2,4,2,-4.48,50,63.55,5.74,tablet,30.01
CMPD-0921,498.1,1.21,133.23,1,7,0,2,-4.56,400,33.44,7.88,tablet,32.87
CMPD-0922,267.08,3.84,85.68,1,3,6,4,-3.47,5,56,5.95,tablet,46.75
CMPD-0923,394.63,2.15,95.56,4,0,4,0,-3.37,200,3.6,6.53,capsule,57.6
CMPD-0924,302.99,2.38,124.5,1,9,3,0,-3.3,10,34.99,5.31,solution,67.75
CMPD-0925,511.46,2.67,90.66,2,4,5,4,-5.73,100,86.83,7.16,tablet,42.41
CMPD-0926,212.45,2.95,57.46,2,4,6,1,-0.5,25,24.23,5.59,capsule,61.69
CMPD-0927,318.52,2.29,59.3,1,4,4,4,-0.35,50,23.36,6.82,suspension,66.93
CMPD-0928,421.49,2.89,83.35,3,2,5,2,-2.78,100,17.37,7.48,tablet,61.71
CMPD-0929,552.21,5.34,29.83,4,2,4,2,-4.81,10,25.43,7.61,tablet,21.86
CMPD-0930,372.77,4.27,69.99,0,4,4,0,-4.44,25,19.86,9,tablet,39.18
CMPD-0931,318.93,4.06,113.38,2,10,4,2,-4.91,50,21.87,6.51,tablet,38.84
CMPD-0932,586.93,1.68,10,2,5,1,2,-5.05,200,24.26,6.13,solution,44.25
CMPD-0933,220.72,0.9,128.71,5,1,6,2,-4.45,10,72.99,5.75,capsule,30.31
CMPD-0934,138.13,4.22,114.28,2,4,5,3,-2.87,10,17.34,7.24,solution,51.61
CMPD-0935,428.4,4.08,58.91,2,3,4,3,-3.31,200,32.35,6.35,tablet,51.08
CMPD-0936,324.77,5.15,94.02,4,7,6,3,-1.21,25,26.1,5.49,capsule,33.62
CMPD-0937,267.66,1.41,75.11,1,4,5,4,-5.78,25,14.23,5.45,capsule,51.5
CMPD-0938,457.92,2.09,118.05,4,3,1,2,-4.82,50,100.53,8.01,tablet,40.33
CMPD-0939,406.82,-0.45,109.39,3,3,3,3,-6.5,25,28.5,7.56,tablet,6.38
CMPD-0940,317.95,1.79,26,6,3,6,2,-3.28,100,28.97,8.09,capsule,61.29
CMPD-0941,239.17,4.29,95.55,0,2,5,1,-1.1,25,34.94,4.79,suspension,50.61
CMPD-0942,475.97,1.66,67.8,3,1,2,4,-4.21,200,23.85,6.07,suspension,46.56
CMPD-0943,451.52,3.65,77.9,1,4,6,4,-1.45,10,22.29,5.4,suspension,54.04
CMPD-0944,369.09,2.16,49.51,1,4,6,5,-2.46,25,23.34,6.66,tablet,64.64
CMPD-0945,583.13,3.08,136.18,2,5,4,3,-2.2,400,13.9,5.55,capsule,40.21
CMPD-0946,262.29,0.43,111.4,2,2,5,4,-2.62,50,10.75,8.18,solution,47.33
CMPD-0947,212.19,2.65,49.11,1,5,2,1,-0.8,100,0.53,6.07,capsule,75.26
CMPD-0948,303.89,-2,28.29,2,1,9,2,-3.8,25,16.29,8.73,tablet,1
CMPD-0949,374.99,2.16,61.5,3,3,4,3,-2.47,100,19.9,7.53,capsule,61.55
CMPD-0950,406.77,-0.43,90.21,2,3,2,1,-0.73,25,28.69,7.59,tablet,51.05
CMPD-0951,353.46,4.67,83.41,2,5,1,1,-5.03,100,38.03,8.57,capsule,32.36
CMPD-0952,418.73,3.9,118.86,4,3,5,2,-3.82,400,6.69,6.58,solution,49.14
CMPD-0953,242.33,3.34,102.65,1,4,2,2,-2.64,25,5.71,7.51,solution,59.38
CMPD-0954,538.81,5.24,108.93,0,5,8,3,-4.79,25,38.4,6.88,capsule,17.56
CMPD-0955,370.96,0.79,86.44,3,5,6,2,-4.85,5,70.41,5.55,tablet,36.7
CMPD-0956,502.9,5.65,26.37,2,5,4,3,-0.46,10,46.44,5.74,suspension,43.04
CMPD-0957,417.7,4.18,68.15,5,4,3,1,-4.72,50,20.86,6.26,tablet,28.06
CMPD-0958,430.24,2.07,112.1,3,3,8,1,-4.05,50,11.05,7.04,tablet,47.79
CMPD-0959,442.67,4.54,73.2,7,5,0,0,-3.18,5,23.03,7.4,tablet,28.66
CMPD-0960,429.25,0.51,92.61,1,6,4,2,-2.86,25,5.7,7.17,capsule,42.03
CMPD-0961,450.7,1.02,63.84,4,8,2,5,-4.32,10,108.11,7.19,capsule,33.36
CMPD-0962,526.21,1.4,38.96,1,5,7,0,-3.81,100,13.84,6.17,suspension,44.58
CMPD-0963,401.62,1.55,70.68,2,2,2,1,-5,5,31.84,3.84,tablet,46.95
CMPD-0964,457.99,0.6,85.82,4,0,4,1,-4.33,50,8.25,7.42,capsule,32.43
CMPD-0965,370.13,4.7,52.05,2,3,5,1,-2.46,50,45.95,5.54,tablet,23.42
CMPD-0966,538.41,2.03,66.75,0,3,7,2,-2.14,200,40.39,9,capsule,49.64
CMPD-0967,305.6,3.13,42.12,2,9,1,3,-1.97,400,16.72,6.91,tablet,53.89
CMPD-0968,578.1,1.47,114.17,2,2,5,2,-3.51,200,18.53,8.15,solution,46.05
CMPD-0969,375.58,-0.78,64.69,0,5,6,0,-3.8,50,18.1,5.18,suspension,20.03
CMPD-0970,222.61,2.99,125.85,1,5,2,2,-5.46,25,14.59,7.86,tablet,51.18
CMPD-0971,394.09,-0.94,128.51,3,3,3,1,-4.03,200,52.44,7.36,capsule,14.43
CMPD-0972,305.08,2.38,72.16,0,1,1,2,-3.24,100,27.02,6.95,capsule,56.59
CMPD-0973,472.47,0.04,39.7,1,4,7,3,-1.87,100,29.49,5.24,tablet,45.45
CMPD-0974,308.21,6.08,10,1,3,3,2,-6.4,100,40.73,5.65,tablet,17.52
CMPD-0975,330.92,4.14,23.48,2,11,6,2,-4.01,25,37.11,7.29,capsule,41.71
CMPD-0976,172.15,2.69,26.92,0,3,4,1,-6.9,400,12.6,5.66,tablet,48.31
CMPD-0977,330.25,4.77,123.25,0,4,4,0,-5.91,50,75.61,5.5,tablet,34.53
CMPD-0978,120,0.98,79.05,0,2,9,1,-1.52,200,29.79,5.89,suspension,55.26
CMPD-0979,205.77,3.48,88.64,3,2,11,1,-5.45,400,26.9,7.1,capsule,45.15
CMPD-0980,463.65,2.86,10,3,5,8,0,-3.34,400,22.8,8.21,solution,57.54
CMPD-0981,466.44,2.98,33.07,0,4,7,5,-1.96,200,16.12,7,solution,71.76
CMPD-0982,426.8,4.79,106.05,2,3,5,3,-4.2,50,8.54,7.96,tablet,36.02
CMPD-0983,273.63,3.82,85.04,3,4,5,3,-5.34,25,27.7,6.33,tablet,39.23
CMPD-0984,374.75,3.02,69.85,5,4,8,0,-3.32,10,46.03,8.95,tablet,46.37
CMPD-0985,379.6,-0.48,94.77,3,5,6,1,-1.16,25,44.08,8.1,suspension,36.93
CMPD-0986,252.58,0.77,132.25,1,2,5,4,-2.01,25,25.96,7.57,tablet,54.92
CMPD-0987,545.37,2.28,67.26,3,7,6,0,-3.87,50,89.94,7.05,capsule,45.73
CMPD-0988,476.51,2.67,77.43,2,8,4,3,-4.34,100,54.53,6.98,capsule,43.75
CMPD-0989,355.69,0.47,81.74,0,4,5,2,-1.77,400,12.95,4.71,tablet,54.54
CMPD-0990,382.96,6.84,158.72,2,5,4,2,-5.69,50,17.38,4.65,capsule,1
CMPD-0991,402.92,5.23,10,4,1,3,2,-2.09,200,19.57,7.28,tablet,48.13
CMPD-0992,155.41,3.58,98.91,3,7,5,4,-4.3,10,12.08,6.59,tablet,39.23
CMPD-0993,352.81,2.63,70.98,2,3,7,1,-5.73,5,22.86,7.17,tablet,45.6
CMPD-0994,304.98,2.12,94.84,3,6,6,2,-6.15,200,6.51,5.14,suspension,42.87
CMPD-0995,269.82,0.79,51.99,3,2,8,0,-1.05,5,47.16,8.33,suspension,60.95
CMPD-0996,349.08,2.64,73.29,1,5,6,4,-3.8,25,35.15,6.26,tablet,48.71
CMPD-0997,577.75,2.96,99.9,1,2,6,2,-4.84,5,26.31,6.96,capsule,39.44
CMPD-0998,450.49,0.26,183.95,5,4,4,4,-3.57,400,16.24,5.9,capsule,29.13
CMPD-0999,317.17,3.1,103.28,2,6,3,3,-4.36,200,23.2,6.89,tablet,48.01
CMPD-1000,442.98,2.22,45.32,4,6,5,4,-4.31,100,17.25,9,capsule,49.13
CMPD-1001,533.93,-0.93,60.17,4,6,8,0,-4.24,50,150,7.89,tablet,1
CMPD-1002,481.71,0.95,59.13,2,6,6,4,-3.49,10,10.73,5.82,tablet,46.93
CMPD-1003,386.56,1.76,12.15,2,6,5,3,-2.36,10,11.82,5.29,solution,71.03
CMPD-1004,308.84,5.9,63.45,3,3,6,1,-5.79,10,13.35,6.93,capsule,22.94
CMPD-1005,456.8,3.5,100.65,4,4,9,1,-1.47,200,16.07,6.1,tablet,40.72
CMPD-1006,423.28,0.1,30.4,1,4,9,5,-4.92,200,100.13,5.69,tablet,19.86
CMPD-1007,478.47,3.37,111.7,2,4,6,1,-3.12,50,18.96,8.89,tablet,44.37
CMPD-1008,449.87,-0.29,92.07,1,2,4,0,-3.59,100,10.47,4.13,solution,43.01
CMPD-1009,495.45,4.45,49.3,6,4,5,2,-4.71,10,37.83,7.35,solution,32.82
CMPD-1010,321.12,1.65,70.05,2,4,4,3,-1.8,5,6.1,8.83,capsule,53.63
CMPD-1011,524.91,2.33,130.94,2,5,3,2,-4.69,100,15.47,5.11,tablet,37.57
CMPD-1012,401.74,4.89,100.67,1,6,10,3,-1.37,100,6.68,6,capsule,40.44
CMPD-1013,608.28,0.18,75.31,4,5,3,2,-2.5,200,10.85,6.11,suspension,33.8
CMPD-1014,304.19,-0.01,66.68,2,4,7,2,-4.62,200,0.55,8.43,tablet,26.13
CMPD-1015,570.96,1.45,77.68,3,7,9,3,-5.3,100,44.24,6.46,solution,35.15
CMPD-1016,401.77,4.37,57.09,1,8,2,2,-1.9,10,50.48,8.96,capsule,47.1
CMPD-1017,308.34,-0.23,10,4,4,7,3,-5.21,100,22.69,7.52,solution,31.1
CMPD-1018,326.77,-2,146.48,4,8,3,3,-3.7,200,20.86,6.08,capsule,1
CMPD-1019,344.76,1.69,80.44,0,6,8,0,-2.45,10,19.8,5.15,solution,66.06
CMPD-1020,426.66,3.49,88.94,8,9,8,3,-2.8,5,27.86,5.29,capsule,33.96
CMPD-1021,437.51,4.66,72.97,3,8,4,0,-3.8,200,36.2,7.3,tablet,28.76
CMPD-1022,316.89,1.67,49.27,2,1,6,2,-4.59,5,62.94,9,tablet,47.62
CMPD-1023,377.32,1.76,68.49,3,3,4,4,-2.42,5,27.83,5.93,capsule,58.09
CMPD-1024,615.65,4.58,19.02,0,7,4,1,-6.32,200,17.44,5.73,capsule,28.98
CMPD-1025,570.03,-0.87,154.7,2,5,5,3,-3.11,200,55.27,7.29,tablet,2.9
CMPD-1026,428,1.8,31.79,2,1,5,0,-5.45,5,5.98,6.26,solution,57.08
CMPD-1027,384.18,2.84,38.88,1,8,7,2,-4.82,100,83.74,5.94,solution,52.27
CMPD-1028,393.2,3.31,59.59,3,2,3,3,-2.95,100,23.82,8.36,solution,69.99
CMPD-1029,447.49,1.58,120.08,2,6,3,3,-4.62,400,34.86,8.33,suspension,40.69
CMPD-1030,267.49,2.56,75.51,2,1,2,4,-1.76,10,46.84,6.84,capsule,60.79
CMPD-1031,351.69,-1.98,31.74,2,2,3,2,-2.44,400,48.81,5.72,capsule,1
CMPD-1032,196.46,1.32,118.9,3,9,3,1,-4.55,5,61.92,6.97,suspension,49.95
CMPD-1033,423.91,3.32,100.59,3,4,4,5,-3.84,25,15.63,7.73,capsule,47.08
CMPD-1034,451.19,0.73,93.85,3,1,3,2,-5.16,5,18.05,8.12,capsule,39.47
CMPD-1035,326.85,2.61,100.05,1,3,6,2,-2.79,50,20.66,7.85,capsule,62.47
CMPD-1036,553.14,3.3,158.8,2,3,6,2,-1.15,25,29.43,3.39,suspension,43.61
CMPD-1037,245.17,1.88,151.48,3,2,7,2,-5.29,50,24.08,7.09,tablet,38.39
CMPD-1038,218.92,2.81,50.96,0,2,8,1,-3.22,25,41.51,7.42,tablet,60.17
CMPD-1039,404.69,0.77,131.84,3,5,4,4,-3.01,200,18.86,7.61,capsule,53.62
CMPD-1040,495.18,2.13,88.41,1,7,4,1,-5.38,10,8.81,6.93,tablet,39.67
CMPD-1041,565.23,3.6,92.47,1,6,5,4,-5.01,400,3.95,6.55,solution,41.33
CMPD-1042,329.52,2.78,15.77,0,4,6,5,-6.21,100,70.07,6.15,solution,62.62
CMPD-1043,498.65,1.44,69.04,2,7,7,3,-2.66,10,3.14,5.55,tablet,50.55
CMPD-1044,375.76,2.9,46.55,3,9,10,3,-4.04,25,25.25,5.74,tablet,42.64
CMPD-1045,361.01,3.79,103.98,2,3,3,1,-4.59,5,31.22,8.16,tablet,35.07
CMPD-1046,477.2,-1.19,112.49,4,4,3,3,-0.4,10,22.58,7.36,tablet,14.01
CMPD-1047,451.76,4.59,10,1,2,4,4,-6.2,25,109.86,7.49,tablet,43.84
CMPD-1048,206.6,1.89,74.23,2,2,2,3,-1.57,5,78.16,5.82,solution,66.74
CMPD-1049,542.42,3.27,114.27,1,9,1,1,-6.73,100,5.7,7.14,tablet,39.63
CMPD-1050,531.81,4.66,68.47,2,6,4,2,-4.28,25,30.2,8.71,tablet,23.81
CMPD-1051,311.19,0.03,100.52,4,10,6,3,-6.05,50,18.39,6.67,tablet,26.24
CMPD-1052,423.54,1.22,87.29,0,4,4,2,-4.73,50,15.44,7.45,tablet,51.32
CMPD-1053,434.34,1.98,86.96,3,5,6,2,-4.31,50,5.43,5.89,tablet,45.57
CMPD-1054,408.67,1.09,65.5,1,3,5,1,-4.56,5,23.09,6.03,solution,61.27
CMPD-1055,319.47,5.62,32.42,2,3,3,1,-3.12,400,37.44,6.84,tablet,28.18
CMPD-1056,306.12,0.96,35.75,1,3,5,0,-2.18,5,2.55,5.67,capsule,71.01
CMPD-1057,377.19,1.5,99.83,2,4,10,1,-3.67,400,20.7,5.6,solution,49.56
CMPD-1058,509,2.87,75.68,3,3,2,1,-3.01,10,1.23,6.3,solution,58.59
CMPD-1059,439.8,0.34,70.15,3,0,8,4,-1.16,5,67.36,6.74,tablet,45.47
CMPD-1060,339.23,1.79,60.16,1,5,4,0,-4.55,25,47.08,5.77,tablet,43.6
CMPD-1061,464.89,3.07,64.32,1,4,6,0,-2.14,50,36.07,6.71,tablet,56.91
CMPD-1062,120,1.9,111.64,3,6,2,0,0,400,35.03,5.15,capsule,54.43
CMPD-1063,506.36,2.33,63.27,5,5,4,0,-0.78,100,54.9,6.7,tablet,58.96
CMPD-1064,188.63,1.55,28.06,1,5,7,2,-1.06,200,20.25,4.23,capsule,67.07
CMPD-1065,340.13,-0.23,101.03,3,7,6,3,-2.41,50,16.86,7.8,capsule,26.73
CMPD-1066,256.84,3.08,67.83,1,4,3,5,-1.77,25,62.9,4.64,capsule,58.6
CMPD-1067,237.59,5.66,76.1,1,4,4,0,-4.23,200,28.4,8.37,capsule,29.97
CMPD-1068,507.69,2.53,131.27,2,5,4,0,-3.62,100,53.44,7.01,tablet,55.5
CMPD-1069,328.55,2.91,74.28,0,3,7,1,-3.8,10,30.2,7.21,tablet,56.18
CMPD-1070,418.12,3.75,85.12,2,3,5,0,-4.5,5,19.55,5.97,tablet,49.53
CMPD-1071,374.84,0.22,33.74,2,4,7,1,-3.28,25,9.82,7.15,tablet,45.74
CMPD-1072,432.47,5.56,67.31,1,6,4,2,-4.29,200,34.23,6.73,tablet,25.65
CMPD-1073,388.45,2.86,96.33,4,6,3,0,-3.41,5,5.16,5.12,tablet,35.02
CMPD-1074,238.87,5.44,20.56,5,3,3,4,-5.57,400,30.55,7.42,suspension,18.85
CMPD-1075,489.59,1.18,82.03,2,1,3,2,-4.3,10,7.92,5.5,solution,61.66
CMPD-1076,325.69,5.77,78.53,1,5,3,1,-1.53,100,59.43,9,solution,30.64
CMPD-1077,208.78,3.9,76.45,2,5,4,1,-3.21,200,122.89,5.56,solution,51.29
CMPD-1078,332.91,3.5,111.3,3,5,6,4,-1.5,25,26.85,4.56,solution,71.62
CMPD-1079,545.08,2.92,86.71,0,3,4,5,-4.41,400,58.49,8.53,tablet,39.37
CMPD-1080,473.52,2.05,126.73,1,1,11,1,-3.87,100,44.04,7.43,tablet,44.58
CMPD-1081,341.65,4.66,40.22,5,4,3,2,-3.18,200,7.53,7.05,tablet,43.17
CMPD-1082,341.58,2.75,79.76,3,4,6,1,-3.79,200,16.44,5.84,solution,64.96
CMPD-1083,344.62,-1.04,77.96,0,1,1,2,-5.59,25,24.1,6.58,solution,29.03
CMPD-1084,608.44,0.49,37.58,4,5,10,1,-2.65,10,28.35,6.31,tablet,30.04
CMPD-1085,422.01,2.17,108.47,2,3,4,1,-4.98,10,23.22,7.57,suspension,49.15
CMPD-1086,427.3,3.06,156.36,2,0,5,2,-3.52,10,34.74,5.79,tablet,46.01
CMPD-1087,493.33,2.4,74.4,1,1,3,2,-6.7,5,82.29,5.9,capsule,47.66
CMPD-1088,406.27,4.69,92.68,4,2,6,1,-4.47,400,6.68,7.37,capsule,30.39
CMPD-1089,351.51,-1.01,77.96,1,4,11,2,-3.69,50,22.64,8.09,tablet,15.25
CMPD-1090,358.4,2.76,50.02,1,3,6,4,-2.66,100,96.5,6.04,capsule,53.9
CMPD-1091,372.12,-0.77,11.27,3,0,3,3,-5.35,25,23.77,7.28,capsule,35.13
CMPD-1092,375.91,3.87,50.3,2,6,2,0,-4.84,100,11.81,7.75,capsule,41.48
CMPD-1093,460.04,2.33,26.28,2,2,5,2,-0.85,50,37.3,5.4,tablet,74.87
CMPD-1094,385.71,3.26,134.64,1,4,7,0,-0.55,5,15.93,6.17,solution,64.92
CMPD-1095,460.59,0.95,70.97,2,2,3,2,-2.73,5,61.71,4.44,capsule,51.92
CMPD-1096,371.12,4.8,62.89,2,3,1,0,-1.58,50,43.92,8.97,tablet,45.67
CMPD-1097,388.65,4.38,106.12,1,6,9,2,-4.09,200,2.13,6.79,solution,37.83
CMPD-1098,160.2,3.55,35.74,2,5,6,4,-2.52,25,13.34,7.59,capsule,55.7
CMPD-1099,480.8,2.27,48.16,1,1,6,3,-2.6,50,57.73,6.03,tablet,62.28
CMPD-1100,418.11,3.54,77.38,3,2,3,3,-4.91,5,20.8,5.91,tablet,39
CMPD-1101,489.78,1.23,111.01,0,3,4,1,-3.21,200,24.32,6.37,tablet,30.95
CMPD-1102,120,4.04,92.56,1,4,6,2,-3.94,5,63.31,6.29,solution,42.9
CMPD-1103,609.72,5.47,83.69,2,7,2,3,-2.95,200,62.46,9,tablet,16.1
CMPD-1104,364.65,4.43,77.73,3,4,7,5,-4.3,100,17.45,6.98,capsule,32.87
CMPD-1105,501.9,1.19,89.01,3,2,8,0,-5.68,25,16.73,7.31,tablet,35.48
CMPD-1106,265.61,3.15,82.06,0,3,5,1,-3.47,25,11.73,6.53,solution,70.27
CMPD-1107,447.41,0.17,38.95,1,5,6,1,-2.25,5,62.06,6.6,tablet,44.33
CMPD-1108,264.12,3.53,76.61,2,2,3,2,-2.25,50,56.71,7.32,solution,67.76
CMPD-1109,311.39,3.31,37.42,0,6,6,2,-6.16,5,4.42,6.46,capsule,63.19
CMPD-1110,590.54,-0.87,77.84,2,3,6,2,-3.23,100,53.92,8.18,tablet,20.31
CMPD-1111,359.02,0.41,58.18,3,2,5,4,-2.47,50,17.27,5.51,capsule,39.98
CMPD-1112,403.92,1.99,163.88,2,7,8,0,-3.29,5,61.32,7.96,capsule,46.09
CMPD-1113,475.71,1.96,73.6,4,4,7,1,-2.2,200,1.87,7.9,tablet,52.45
CMPD-1114,434.53,0.32,25.85,2,2,5,0,-5.62,400,29.75,9,capsule,24.71
CMPD-1115,396.55,3.2,70.3,2,7,2,1,-5.22,200,21.13,4.41,solution,47.83
CMPD-1116,420.15,2.95,93.18,0,5,2,4,-2.62,25,48.2,7.8,capsule,46.89
CMPD-1117,644.38,2.15,133.57,0,3,9,1,-4.02,100,12.56,5.7,capsule,37.54
CMPD-1118,373.66,1.14,54.37,2,2,4,0,-1.74,400,53.79,7.57,tablet,56.26
CMPD-1119,402.12,4.39,19.62,1,4,5,5,-3.04,5,53.29,7.57,solution,61.7
CMPD-1120,495.57,5.48,103.59,1,2,11,3,-4.84,5,44.74,5.47,tablet,28.13
CMPD-1121,501.61,1.63,26.68,3,3,3,2,-4.92,200,4.94,7.36,capsule,51.52
CMPD-1122,510.57,1.4,59.73,2,3,3,2,-6.32,400,15.4,6.09,tablet,39.13
CMPD-1123,450.26,3.38,65.98,4,2,4,3,-2.47,200,51.01,5.67,capsule,60.64
CMPD-1124,254.27,1.86,72.56,3,10,3,2,-3.68,200,29.17,4.24,suspension,59.28
CMPD-1125,559.68,2.25,99.12,2,7,6,5,-2.13,200,16.06,8.19,tablet,42.89
CMPD-1126,253.9,3.83,51.07,1,3,7,3,-3.11,10,12.24,6.39,capsule,55.57
CMPD-1127,413.29,-0.94,65.42,1,2,2,3,-3.33,400,6.15,5.24,solution,31.47
CMPD-1128,297.03,4.87,74.5,2,6,4,2,-2.28,400,25.01,6.88,solution,39.87
CMPD-1129,372.94,2.63,80.24,5,4,3,3,-3.65,50,100.91,6.63,suspension,51.91
CMPD-1130,416.16,1.76,78.42,4,4,5,1,-4,10,18.22,5.4,tablet,48.32
CMPD-1131,415.35,2.34,90.26,1,5,7,1,-3.5,25,36.61,5.42,capsule,55.09
CMPD-1132,426.41,2.43,104.53,0,4,5,3,-2.24,50,24.96,7.83,capsule,62.53
CMPD-1133,557.51,-0.62,88.74,0,5,4,2,-4.91,100,11.36,6.75,capsule,15.54
CMPD-1134,429.89,5.19,90.88,5,3,5,1,-2.11,50,55.57,5.72,suspension,33.56
CMPD-1135,353.14,2.57,19.62,4,6,7,1,-3.4,400,46.72,6.04,tablet,46.52
CMPD-1136,486.05,3.3,76.76,2,5,6,1,-4.08,200,46.93,6.06,solution,56.31
CMPD-1137,510.84,4.21,91.78,2,2,3,2,-3.23,5,21.94,4.49,capsule,43.41
CMPD-1138,244.96,0.66,100.51,4,2,6,2,-1.74,5,51.36,7.63,capsule,53.31
CMPD-1139,445.71,3.35,50.77,3,5,5,1,-1.75,5,35.95,6.06,tablet,43.01
CMPD-1140,457.13,2.02,51.93,6,5,4,3,-2.91,50,61.5,6.31,capsule,39.58
CMPD-1141,347.27,4.02,54.91,0,5,2,3,-2.56,5,27.53,7.17,solution,65.92
CMPD-1142,531.33,-1.33,93.77,3,8,5,2,-3.44,5,9.71,7.99,capsule,1
CMPD-1143,363.49,2.32,111.19,1,9,5,2,-4.38,200,15.54,6.74,solution,60.81
CMPD-1144,393.81,1.41,60.74,1,7,5,2,-2.83,10,26.87,5.19,tablet,57.33
CMPD-1145,360.96,3.28,106.78,1,5,3,2,-4.17,5,17.15,6.2,tablet,53.24
CMPD-1146,381.71,3.35,79.32,5,4,6,3,-5.04,10,22.09,6.42,tablet,39.91
CMPD-1147,259.41,1.23,70.65,6,6,5,5,-4.13,25,93.19,4.3,capsule,36.59
CMPD-1148,221.59,1.22,67.6,1,2,5,2,-5.96,50,32.59,7.07,solution,59.48
CMPD-1149,555.4,2.3,101.13,2,2,6,2,-5.36,10,31.84,7.29,solution,52.36
CMPD-1150,286.83,0.89,86.4,0,6,5,1,-0.46,400,27.71,6.61,tablet,50.96
CMPD-1151,270.95,4.02,154.65,0,7,6,0,-1.81,200,5.89,5.5,capsule,52.12
CMPD-1152,143.13,1.84,45.17,4,5,2,2,-3.86,50,32.36,6.75,tablet,62.69
CMPD-1153,309.71,-2,93.13,2,1,12,0,-2.72,400,26.89,7.73,capsule,1
CMPD-1154,234.46,1.83,56.48,1,6,7,3,-4.93,400,21.19,6.24,tablet,45.41
CMPD-1155,560.62,0.63,44.57,2,4,4,3,-2.51,50,9.53,7.46,solution,50.03
CMPD-1156,491.08,-0.44,74.62,0,3,5,2,-3.11,100,30.92,7.02,tablet,26.03
CMPD-1157,304.3,0.27,79.81,0,1,7,0,-4.56,10,25.9,4.23,tablet,36.29
CMPD-1158,627.77,2.7,177.14,2,7,1,3,-3.98,5,6.72,5.88,solution,39.05
CMPD-1159,487.99,4.89,68.55,2,2,5,3,-4.09,400,56.11,7.13,tablet,29.13
CMPD-1160,344.27,3.06,35.44,0,7,6,3,-2.22,200,23.11,6.66,tablet,50.58
CMPD-1161,120,1.41,84.56,2,8,5,2,-3.62,200,5.13,7.63,solution,61
CMPD-1162,632,3.32,10,1,6,2,2,-5.87,100,32.1,6.78,tablet,39.6
CMPD-1163,227.15,1.67,71.78,3,3,5,2,-4.17,10,16.16,7.28,tablet,59.82
CMPD-1164,199.01,1.25,75.56,4,2,2,0,-4.67,200,7.66,6.1,solution,48.93
CMPD-1165,492.48,0.42,102.81,4,5,4,2,-5.72,10,11.94,6.9,suspension,28.58
CMPD-1166,648.37,-0.65,109.08,2,6,5,0,-4.64,25,41.1,5.27,solution,15.02
CMPD-1167,532.27,1.8,57.38,4,0,6,2,-6.74,5,14.16,7.54,tablet,30.55
CMPD-1168,442.03,2.78,69.73,4,4,3,2,-4.9,25,13.13,6.83,solution,57.48
CMPD-1169,445.42,2.33,48.19,2,5,6,4,-3.21,50,37.66,5.04,capsule,45.02
CMPD-1170,473.88,1.75,35.52,2,5,6,2,-2.82,5,63,6.23,solution,61.45
CMPD-1171,463.48,0.8,85.85,0,4,3,2,-2.74,25,60.59,9,tablet,53.43
CMPD-1172,410.93,3.59,30.42,4,4,4,2,-2.06,25,28.57,6.27,tablet,57.62
CMPD-1173,391.46,0.13,60.49,3,2,4,0,-1.72,400,20.17,6.13,suspension,40.74
CMPD-1174,373.11,3.9,40.17,2,1,7,3,-5.04,400,32.55,5.59,suspension,51.95
CMPD-1175,297.06,0.7,94.24,3,3,4,3,-5.56,5,20.53,5.21,tablet,51.48
CMPD-1176,349.13,1.15,138.05,3,6,7,2,-3.44,10,6.5,5.33,tablet,42.96
CMPD-1177,193.77,-0.14,29.44,2,2,5,1,-2.68,50,24.81,8.92,suspension,39.27
CMPD-1178,369.18,1.6,10.14,6,2,2,4,-4.75,100,38.89,6.94,tablet,48.55
CMPD-1179,271.25,4.26,70.63,1,1,6,2,-3.1,200,26.71,4.8,tablet,40.83
CMPD-1180,258.61,3.43,75.55,2,3,5,1,-0.77,100,49.84,6.52,tablet,68.18
CMPD-1181,399.79,4.26,82.65,2,5,3,3,-5.5,100,4.87,7.73,tablet,38.95
CMPD-1182,533.12,3.44,59.38,2,6,2,1,-3.49,50,63.37,7.01,tablet,42.74
CMPD-1183,481.01,0.51,67.98,3,5,8,2,-1.94,5,44.26,4.85,suspension,44.28
CMPD-1184,207.24,1.9,87.86,2,4,1,1,-3.8,5,65.78,7.28,tablet,50.87
CMPD-1185,271.14,1.1,111.42,3,10,5,1,-2.88,400,49.27,6.54,tablet,39.83
CMPD-1186,483.48,4.9,10,1,0,4,3,-2.13,5,32.35,6.76,tablet,46.31
CMPD-1187,271.93,0.35,62.09,1,5,6,0,-3.95,100,35.76,8.72,tablet,50.21
CMPD-1188,355.29,4.11,82.48,0,7,3,1,-5.09,10,42.18,6.48,tablet,35.9
CMPD-1189,440.51,4.11,42.87,6,2,5,1,-3.65,25,19.1,5.66,suspension,48.39
CMPD-1190,273.48,5.79,135.59,2,4,3,2,-5.14,400,10.61,4.42,tablet,7.07
CMPD-1191,391.59,1.76,52.76,6,3,7,3,-4.33,100,13.16,5.67,suspension,57.18
CMPD-1192,233.26,3.78,73.55,2,7,5,2,-2.84,50,19.87,5.6,capsule,46.46
CMPD-1193,313.85,6.61,94.46,1,5,7,3,-3.23,5,24.55,4.21,capsule,1
CMPD-1194,415.18,1.39,54.31,1,3,6,2,-2,400,67.45,7.31,tablet,56.03
CMPD-1195,204.77,-0.26,10.37,0,2,8,3,-3.15,25,24.19,7.11,tablet,41.15
CMPD-1196,428.45,-0.88,60,2,4,6,1,-4.67,5,9.89,6.47,tablet,20.28
CMPD-1197,377.84,3.78,111.03,2,6,4,1,-5,5,20.27,5.3,capsule,48.65
CMPD-1198,440.77,-0.89,63.21,5,2,4,1,-2.56,5,28.69,6.8,tablet,20.14
CMPD-1199,404.63,1.83,45.37,1,4,2,3,-3.14,200,43.26,7.25,capsule,62.53
CMPD-1200,530.06,3.29,107.4,1,7,2,3,-3.79,400,9.1,8.62,solution,37.88
CMPD-1201,393.77,2.83,63.42,2,2,5,2,-2.99,10,9.45,6.92,capsule,60.79
CMPD-1202,332.77,3.27,57.14,2,5,2,0,-4.56,400,54.46,7.05,tablet,46.92
CMPD-1203,393.45,2.9,80.23,2,8,1,1,-7.17,25,16.24,6.7,tablet,50.25
CMPD-1204,439.76,4.8,101.98,0,1,4,2,-1.94,400,21.33,6.27,solution,36.28
CMPD-1205,385.37,0.79,158.36,3,4,6,2,-2.53,400,32.72,7.44,tablet,32.48
CMPD-1206,384.47,1.28,103.95,3,6,6,2,-3.63,400,31.63,6.44,tablet,32.49
CMPD-1207,302.78,1.11,115.59,3,4,9,0,-4.85,100,14,6.32,tablet,40.91
CMPD-1208,307.08,3.99,57.29,1,4,3,3,-3.82,10,32.88,6.06,capsule,53.9
CMPD-1209,225.71,4.12,39.09,3,2,9,3,-6.09,200,30.7,6.15,tablet,38.32
CMPD-1210,572.45,3.31,77.18,1,4,6,2,-3.33,50,53.05,6.9,capsule,51.46
CMPD-1211,243.18,4.63,78.75,2,5,11,1,-6.4,400,27.95,7.25,capsule,33.64
CMPD-1212,303.78,0.38,37.25,2,3,5,4,-3.34,200,27.36,5.64,capsule,47.12
CMPD-1213,300.98,5.5,68.86,1,6,2,2,-4.56,50,58.02,6.75,solution,26.74
CMPD-1214,478.44,5.24,88.98,5,2,7,4,-3.72,200,15.61,5.43,capsule,17.98
CMPD-1215,347.56,3.82,87.61,1,4,2,1,-5.21,100,12.07,7.26,tablet,50.26
CMPD-1216,517.25,5.71,92.65,2,6,2,2,-1.24,25,37.21,8.27,tablet,24.88
CMPD-1217,305.92,-0.48,85.18,1,3,5,2,-2.96,100,16,7.16,tablet,28.44
CMPD-1218,410.69,1.56,57.25,4,5,7,0,-4.53,10,9.02,6.12,capsule,51.16
CMPD-1219,288.11,1.18,57.01,2,5,4,1,-3.77,25,24.28,7.73,tablet,54.3
CMPD-1220,615.97,3.8,33.04,1,1,6,2,-1.09,400,46.99,5.02,tablet,54.93
CMPD-1221,249.36,0.61,137.47,1,5,6,5,-4.92,400,59.5,6.86,tablet,35.23
CMPD-1222,414.08,3.86,75.47,1,6,2,4,-5.17,50,44.77,9,tablet,36.33
CMPD-1223,449.72,4.97,67.13,3,2,10,4,-5.23,25,26.32,5.45,tablet,32.94
CMPD-1224,425.52,3.75,42.49,1,3,4,2,-4.52,25,30.11,6.11,tablet,52.51
CMPD-1225,359.62,3.01,177.75,1,0,4,3,-1.26,25,34.09,6.24,tablet,61.04
CMPD-1226,365.72,0.72,37.43,3,2,4,1,-4.34,100,45.8,5.16,capsule,48.41
CMPD-1227,384.82,0.98,59.99,3,5,3,4,-4.13,5,20.89,5.6,capsule,43.62
CMPD-1228,363.83,4.75,89.55,2,3,3,3,-3.2,10,13.39,6.54,tablet,44.96
CMPD-1229,486.03,3.9,96.01,0,3,7,2,-3.55,25,19.02,8.43,capsule,44.57
CMPD-1230,623.16,2.43,108.53,1,5,7,1,-2.05,25,12,7.08,tablet,44.36
CMPD-1231,318.68,1.75,138.27,2,5,7,2,-2.27,100,17.84,7.84,tablet,43.1
CMPD-1232,229.32,-1.15,92.72,1,8,3,4,-3.01,10,70.07,7.5,tablet,2.57
CMPD-1233,370.29,0.57,38.04,0,3,5,3,-3.84,10,10.49,6.92,tablet,50.92
CMPD-1234,663.77,5.94,66.01,0,4,7,2,-2.06,400,10.2,4.35,solution,15.17
CMPD-1235,291.6,0.2,85.77,0,5,7,2,-4.68,50,8.01,8.44,capsule,34.25
CMPD-1236,560.3,2.84,147.39,2,5,4,1,-4.78,10,6.4,7.74,solution,42.53
CMPD-1237,564.55,4.31,26.08,0,6,8,5,-4.11,10,38.05,6.84,tablet,29.85
CMPD-1238,319.11,0.24,117.09,0,2,8,3,-1.76,400,11.75,4.96,solution,56.08
CMPD-1239,442.59,2.83,81.3,5,0,5,2,-4.76,25,8.33,4.75,tablet,56.4
CMPD-1240,559.12,4.19,104.32,3,3,10,2,-4.4,400,36.96,5.06,solution,23.41
CMPD-1241,338.3,2.52,71.43,1,4,6,4,-3.24,5,11.48,5.67,capsule,60.31
CMPD-1242,357.61,7.66,45.51,0,4,9,3,-3.58,25,72.42,6.94,capsule,1
CMPD-1243,316.02,-0.5,101.28,2,4,8,1,-4.07,200,39.52,6.2,tablet,26.1
CMPD-1244,268.38,4.41,97.91,0,4,6,2,-2.8,100,31.57,6.61,capsule,57.15
CMPD-1245,308.58,2.19,109.02,1,5,4,3,-4.21,10,3.93,7.16,capsule,59.33
CMPD-1246,245.37,3.89,74.53,1,6,2,1,-1.92,5,41.46,8.07,capsule,51.43
CMPD-1247,383.75,3.29,54.01,2,5,3,0,-3.14,25,4.86,5.74,capsule,51.71
CMPD-1248,295.3,1.18,20.44,2,7,1,0,-1.98,200,16.24,4.5,solution,62.33
CMPD-1249,405.72,2.91,103.68,3,3,8,1,-4.69,50,27.67,5.54,tablet,47.23
CMPD-1250,208.85,-0.84,89.84,2,6,7,0,-3.72,100,6.67,7.22,capsule,18.6
CMPD-1251,416.4,3.59,41.2,2,1,5,2,-6.35,200,17.24,7.5,solution,54.67
CMPD-1252,471.69,3.04,56.15,2,0,2,1,-1.49,400,46.81,7.53,solution,65.35
CMPD-1253,160.69,3.65,58.66,0,3,7,1,-0.06,100,26.16,5.67,tablet,64.87
CMPD-1254,421.15,4.4,23.1,2,3,12,0,-3.93,200,22.96,6.89,solution,47.96
CMPD-1255,515.04,3.16,46.38,0,9,5,1,-2.94,100,30.01,8.33,tablet,49.33
CMPD-1256,246.94,2.77,35.32,0,4,3,1,-3.33,25,25.72,7.4,solution,61.48
CMPD-1257,563.98,0.91,60.56,4,3,4,1,-5.44,5,60.91,4.39,tablet,24.17
CMPD-1258,426.09,1.22,49.15,2,3,5,5,-1.63,5,49.5,6.44,capsule,65.55
CMPD-1259,302.45,4.64,18.05,3,8,6,2,-3.91,10,9.19,6.1,tablet,43.9
CMPD-1260,373.87,5.09,145.79,4,2,3,2,-6.57,5,30.73,4.71,capsule,28.92
CMPD-1261,441.42,2.07,118.84,4,2,3,2,-4.57,400,6.59,8.26,tablet,35.84
CMPD-1262,388.36,2.58,47.73,1,5,1,3,-5.59,50,17.99,4.84,solution,58.01
CMPD-1263,439.26,0.87,84.53,3,1,5,1,-3.32,200,24.23,6.38,capsule,42.63
CMPD-1264,278.73,4.61,89.61,1,1,2,1,-3.33,100,94.07,8.07,solution,44.49
CMPD-1265,398.63,3.7,116.69,3,6,4,2,-1.72,400,27.05,5.45,capsule,36.59
CMPD-1266,224.49,5.99,46.35,1,4,2,0,-0.76,25,4.57,6.46,capsule,29.36
CMPD-1267,367.77,0.92,113.22,2,5,7,5,-0.63,100,24.19,7.09,capsule,58.41
CMPD-1268,280.57,1.82,55.82,3,4,3,2,-5.04,100,38.63,5.54,tablet,45.95
CMPD-1269,299.09,2.92,28.24,1,7,9,2,-2.57,50,51.67,5.81,capsule,56.26
CMPD-1270,515.97,3.66,100.34,4,4,6,1,-2.3,200,14.37,6.86,solution,51.46
CMPD-1271,500.04,2.11,120.18,2,6,5,0,-4.29,400,46.82,7.26,solution,47.68
CMPD-1272,447.01,0.93,165.58,0,6,2,4,-3.07,400,13.32,7.44,tablet,38.35
CMPD-1273,259.85,4.09,33.01,1,6,5,0,-2.9,400,80.29,5.34,tablet,44.66
CMPD-1274,345.2,3.8,99.46,0,3,5,2,-4.23,100,12.64,4.55,capsule,50.72
CMPD-1275,513.44,0.85,60.66,1,6,8,4,-1.58,100,5.26,7.52,solution,64.64
CMPD-1276,395.59,4.94,102.42,4,3,2,3,-3.15,50,10.93,8,tablet,30.07
CMPD-1277,635.13,4.61,23.53,2,2,5,2,-3.76,50,12.52,9,tablet,25.31
CMPD-1278,423.26,2.74,30.8,2,6,5,1,-5.34,5,26.74,9,solution,50.45
CMPD-1279,401.13,2.64,47.84,1,5,6,3,-1.77,200,41.84,8.61,tablet,56.32
CMPD-1280,346,3.5,77.76,1,3,1,3,-3.39,400,34.79,5.26,capsule,41.54
CMPD-1281,394.69,0.95,52.56,4,3,3,0,-3.38,400,26.14,6.27,solution,52.15
CMPD-1282,363.23,2.55,98.07,4,4,9,0,-4.77,100,10.3,7.27,solution,55.08
CMPD-1283,457.89,-1.37,110.94,1,3,6,1,-2.16,200,34.25,7.06,solution,9.7
CMPD-1284,485.24,4.08,95.99,4,1,5,2,-5.2,10,31.17,6.3,capsule,34.01
CMPD-1285,293.54,-0.31,131.66,0,2,4,5,-6.81,10,58.7,8.09,tablet,24.6
CMPD-1286,233.56,5.21,89.55,2,6,3,1,-4.56,10,23.95,5.9,capsule,30.31
CMPD-1287,178.02,1.91,32.41,0,4,11,2,-2.98,200,15.92,6.77,suspension,62.44
CMPD-1288,435.88,2.12,122.72,2,1,6,2,-2.99,50,37.77,6.59,tablet,50.03
CMPD-1289,258.63,1.37,53.82,1,2,3,1,-3.29,100,16.35,7.08,tablet,58.63
CMPD-1290,143.18,1.98,106.86,3,3,7,2,-3.76,5,16.43,7.16,solution,68.71
CMPD-1291,422.74,5.05,130.08,3,3,6,2,-3.26,100,3.13,5.47,tablet,31.5
CMPD-1292,654.23,-1.98,90.98,0,4,2,0,0,400,60.79,3.14,solution,1
CMPD-1293,379.33,4.8,22.63,2,5,4,0,-3.13,10,10.48,5.94,tablet,43.73
CMPD-1294,472.23,3.11,42.86,0,6,5,2,-4.13,200,23.22,6.8,tablet,60.96
CMPD-1295,389,0.33,121.3,2,8,2,2,-3.66,25,5.12,7.1,capsule,37.27
CMPD-1296,369.12,0.56,69.08,1,4,2,0,-3.81,200,14.54,5.76,tablet,32.83
CMPD-1297,481.1,5.52,77.79,3,5,4,3,-3.4,10,16.2,6.85,capsule,17.58
CMPD-1298,348.07,0.8,101.56,2,6,6,3,-4.87,200,45.35,6.82,suspension,38.64
CMPD-1299,409.41,0.42,99.37,1,2,4,4,-2.3,200,122.21,5.7,tablet,33.99
CMPD-1300,415.39,4.55,84.76,2,7,6,2,-3.05,200,35.84,6.3,suspension,49.17
CMPD-1301,306.51,3.11,67.7,3,5,8,2,-4.68,50,69.45,5.06,suspension,41.04
CMPD-1302,489.12,0.81,64.06,3,3,7,3,-1.97,100,19.42,4.15,tablet,42.48
CMPD-1303,360.75,2.89,105.03,0,10,8,4,-6.35,50,48.42,7.97,tablet,38.26
CMPD-1304,296.87,0.65,94.37,1,2,5,1,-0.27,200,57.16,6.74,suspension,67.47
CMPD-1305,439.02,4.48,65.99,4,7,1,2,-0.67,5,5.27,6.09,tablet,47.47
CMPD-1306,281.17,4.41,112.87,3,3,5,1,-0.91,100,21.07,6.96,capsule,57.97
CMPD-1307,383.1,3.46,70.48,1,2,5,5,-4.24,100,23.57,7.06,tablet,49.43
CMPD-1308,379,3.15,45.19,0,2,7,1,-3.14,100,25.53,8.92,solution,63.37
CMPD-1309,499.45,5.67,48.44,4,4,2,5,-4.43,25,35.28,8.11,tablet,13.7
CMPD-1310,432.22,2.5,40.74,1,7,6,2,-2.85,100,25.81,6.92,tablet,44.56
CMPD-1311,377.25,0.37,65.47,3,1,6,2,-3.47,25,32.57,9,tablet,44.66
CMPD-1312,469.95,3.31,118.18,1,3,3,5,-4.19,400,60.92,6.39,tablet,46.62
CMPD-1313,532.92,6.25,46.82,2,5,5,2,-4.21,100,39.95,7.96,tablet,3.34
CMPD-1314,441.36,0.67,81.6,4,5,7,2,-3.38,200,10.68,5.86,capsule,34.09
CMPD-1315,381.14,1.85,52.02,1,3,4,2,0,10,21.44,6.56,capsule,61.69
CMPD-1316,235.7,3.25,65.89,4,2,3,3,-1.54,5,7.13,7.31,tablet,58.52
CMPD-1317,262.84,2.4,22.15,2,2,2,2,-3.37,100,47.96,6.76,tablet,61.44
CMPD-1318,346.43,0.73,67.28,3,6,4,0,-3.77,400,39.96,6.85,solution,49.54
CMPD-1319,312.95,4.52,68.22,4,3,8,1,-2.57,50,22.83,6.8,capsule,47.28
CMPD-1320,359.43,6.68,93.91,5,3,9,2,-4.42,400,27.47,8.06,capsule,1
CMPD-1321,386.23,2.85,82.81,1,3,11,3,-3.84,10,9.22,6.62,capsule,47.04
CMPD-1322,438.27,0.87,33.06,2,3,4,2,-6.43,50,30.02,5.79,solution,44.92
CMPD-1323,372.25,-0.29,112.95,3,3,8,1,-3.36,50,42.59,6.44,tablet,23.14
CMPD-1324,433.52,2.96,82.36,0,4,2,3,-3.33,400,30.6,8.05,suspension,58.82
CMPD-1325,387.09,4.49,81.94,1,1,2,4,-4.32,25,15.44,7.53,solution,43.09
CMPD-1326,162.7,3.36,74.68,2,7,8,0,-2.82,5,42.23,6.37,tablet,55.61
CMPD-1327,276.67,2.5,56.88,0,6,3,1,-3.31,400,44.94,5.57,tablet,56.36
CMPD-1328,364.15,1.44,82.62,2,7,6,1,-4.3,400,36.9,5.84,solution,45.62
CMPD-1329,246.93,0.53,91.65,4,4,6,1,-2.27,50,68.82,6.48,tablet,44.01
CMPD-1330,445.99,4,13.86,3,6,6,2,-3.77,400,42.52,6.4,capsule,45.53
CMPD-1331,548.38,4.14,56.14,2,6,4,3,-5.07,10,14.13,5.62,capsule,25.15
CMPD-1332,514.06,-0.28,66.08,4,4,2,4,-6.14,5,30.66,7.64,tablet,28.31
CMPD-1333,356.52,5.36,83.97,3,5,4,1,-1.35,10,53.1,5.82,capsule,33.75
CMPD-1334,543.98,3.53,116.77,0,4,7,1,-3.31,50,18.1,5.42,tablet,46.72
CMPD-1335,396.35,5.02,47.99,2,6,5,2,-3.37,5,40.43,6.26,tablet,37.02
CMPD-1336,342.92,0.08,57.57,5,2,5,1,-3.57,100,13.56,7.06,capsule,37.35
CMPD-1337,312.53,0.04,57.06,1,6,5,0,-1.67,50,22.44,5.4,tablet,40.71
CMPD-1338,346.73,2.23,46.95,2,7,4,4,-3.29,50,46.5,6.56,tablet,55.34
CMPD-1339,337.3,3.41,62.85,2,5,4,0,-1.18,400,44.41,5.98,tablet,56.5
CMPD-1340,398.75,5.73,101.98,2,2,2,2,-3.28,200,65.43,6.11,tablet,21.71
CMPD-1341,397.66,3.77,38.12,1,5,4,3,-7.51,200,13.81,6.49,tablet,47.57
CMPD-1342,380.34,2.06,89.97,2,4,3,1,-1.6,25,6.17,7.21,tablet,58.32
CMPD-1343,428.06,0.65,15.43,0,6,5,0,-3.03,10,50.84,6.51,capsule,43.46
CMPD-1344,510.97,4.71,55.35,0,3,3,3,-4.26,100,80.84,9,tablet,33.49
CMPD-1345,484.45,0.76,63.47,0,6,6,1,-3.89,5,7.95,7.33,capsule,39.25
CMPD-1346,216.66,5.43,133.62,2,3,8,2,-3.96,50,32.78,6.99,capsule,18.13
CMPD-1347,120,1.99,65.38,5,5,5,1,-5.36,50,2.33,6.14,tablet,41.44
CMPD-1348,482.78,5.36,10,3,5,6,3,-2.18,100,39.04,5.89,tablet,21.59
CMPD-1349,229.64,3.72,10,4,3,2,4,-4.17,50,60.47,7.71,suspension,46.28
CMPD-1350,355.28,2.25,76.19,1,7,7,2,-4.8,400,9.84,4.6,tablet,53.2
CMPD-1351,251.29,1.57,96.48,2,5,4,2,0,10,25.1,7.85,solution,77.18
CMPD-1352,181.78,1.89,88.14,3,0,7,3,-5.23,5,14.68,7.9,tablet,48.36
CMPD-1353,439.56,3.27,80.86,2,2,3,0,-3.63,400,16.46,6.36,tablet,42.34
CMPD-1354,463.51,2.64,115.68,3,6,7,5,-6.95,100,17.23,7.89,tablet,21.37
CMPD-1355,316.58,1.43,56.11,5,4,5,1,-1.62,100,29.89,6.16,capsule,53.58
CMPD-1356,120,2.2,106.32,3,5,4,3,-3.92,200,17.41,6.39,capsule,54.97
CMPD-1357,319.91,2.64,17.88,1,1,7,0,-2.27,25,31.42,7.11,capsule,65.36
CMPD-1358,423.1,-1.33,43.33,2,2,5,3,-4.91,5,39.9,6.06,suspension,14.79
CMPD-1359,217.32,3.32,11.75,1,3,6,3,-5.92,100,26.65,7.36,capsule,49.61
CMPD-1360,400.17,0.74,65.38,2,7,7,3,-4.62,400,34.09,5.94,suspension,35.26
CMPD-1361,378.32,0.42,73.38,1,5,6,1,-1.48,50,45.84,6.83,tablet,50.09
CMPD-1362,443.72,-0.54,78.99,2,6,8,3,-2.63,400,63.91,9,tablet,9.06
CMPD-1363,393.15,-0.73,77.17,1,7,4,0,-5.92,200,40.77,7.08,solution,21.46
CMPD-1364,272.96,0.06,42.54,3,1,7,1,-7.13,5,8.4,7.8,capsule,30.41
CMPD-1365,511.62,1.22,68.34,3,6,5,2,-3.98,10,33.63,7.59,capsule,39.83
CMPD-1366,362.56,6.02,22.59,3,2,5,2,-1.86,100,11.66,4.12,capsule,32.37
CMPD-1367,377,1.55,122.71,0,2,5,1,-4.64,10,23.02,6.39,tablet,52.69
CMPD-1368,277.34,2.82,64.37,0,3,4,1,-1.89,100,2.85,8.14,tablet,55.7
CMPD-1369,331.24,3.22,57.89,1,7,2,2,-3.31,50,22.31,5.08,tablet,52.97
CMPD-1370,282.67,2.74,130.61,1,4,5,1,-0.87,25,7.17,6.29,tablet,58.79
CMPD-1371,360.98,2.36,31.52,4,3,7,2,-4.52,50,13.12,9,tablet,48.34
CMPD-1372,568.29,0.35,35.6,1,4,4,2,-3.59,10,61.24,5.15,tablet,29.31
CMPD-1373,229.09,5.11,36.63,2,2,6,2,-4.48,400,22.16,7.88,capsule,26.9
CMPD-1374,202.51,5.75,72.62,1,1,4,1,-2.02,5,3.81,5.46,tablet,32.31
CMPD-1375,541.83,-0.53,90.11,2,5,3,2,-2.61,400,33.04,7.18,capsule,21.48
CMPD-1376,356.97,0.66,100.89,0,5,2,0,-6.05,200,15.21,7.38,tablet,32.18
CMPD-1377,306.4,2,165.02,4,5,3,1,-2.46,10,24.01,7.47,tablet,44.72
CMPD-1378,494.39,0.76,10,2,4,5,1,-5.73,25,57.18,5.37,suspension,29.09
CMPD-1379,313.38,3.41,96.31,0,1,11,5,-4.87,100,27.02,7.91,tablet,49.39
CMPD-1380,580.86,1.19,55.5,2,3,4,1,-2.38,200,33.16,5.65,solution,51.23
CMPD-1381,454.57,6.4,54.48,3,4,6,1,-5.38,100,13.76,4.62,solution,1.65
CMPD-1382,326.33,4.64,53.31,2,2,8,1,-4.06,10,25.29,5.33,suspension,47.84
CMPD-1383,617.3,2.88,43.19,2,8,8,5,-2.36,5,38.51,5.5,solution,38.64
CMPD-1384,313.37,4.35,133.96,2,5,4,1,-2.88,100,34.49,7.41,solution,53.6
CMPD-1385,461.63,4.49,104.48,0,7,12,1,-2.96,400,4.38,7.72,tablet,42.07
CMPD-1386,412.92,1.48,75.81,0,3,7,2,-2.31,100,7.93,6.68,solution,51.49
CMPD-1387,523.19,1.03,122.29,1,0,1,2,-1.54,200,25.54,5.35,capsule,38.63
CMPD-1388,551.77,2.64,22.06,3,4,1,3,-5.36,25,45.1,5.87,tablet,36.27
CMPD-1389,383.52,4.05,28.43,4,3,7,2,-3,200,17.08,6.4,tablet,39.41
CMPD-1390,297.12,2.75,10,2,4,3,2,-2.05,25,40.13,5.02,tablet,69.96
CMPD-1391,430.6,-0.34,50.52,2,5,4,2,-2.35,400,33.96,5.17,capsule,27.88
CMPD-1392,305.45,1.05,80.66,2,2,2,2,-3.74,5,40.41,6.49,capsule,64.28
CMPD-1393,601.47,2.37,78.6,0,6,3,0,-3.83,100,5.57,6.25,tablet,45.85
CMPD-1394,395.02,2.36,80.23,0,3,8,2,-2.26,50,73.55,5.18,tablet,53.16
CMPD-1395,339.81,6.05,25.61,0,8,4,2,-3.18,10,17.48,8.06,tablet,29.9
CMPD-1396,400.31,0.01,103.11,0,4,10,2,-1.86,200,13.76,5.66,tablet,20.87
CMPD-1397,231.82,3.41,83.39,1,7,4,2,-3.34,100,18.43,5.07,tablet,52.92
CMPD-1398,273.12,5.18,100.66,2,6,3,3,-4.06,10,25.14,8.05,tablet,33.67
CMPD-1399,512.05,6.59,10,3,4,3,2,-6.15,200,10.51,6.87,capsule,2.05
CMPD-1400,307.74,1.77,85.9,6,4,3,2,-3.85,100,8.63,6.15,tablet,53.36
CMPD-1401,264.84,3.38,33.43,3,4,5,1,-5.35,25,16.23,5.66,tablet,50.52
CMPD-1402,439.03,3.53,61.09,2,7,5,1,-6.24,5,5.8,6.06,solution,55.42
CMPD-1403,510.43,2.85,93.7,2,6,8,1,-4.8,50,7.24,5.62,tablet,48.95
CMPD-1404,459.08,2.32,78.19,0,5,7,1,-2.45,200,21.21,5.88,capsule,58.48
CMPD-1405,489.57,3.28,45.2,1,3,5,1,-3.86,25,21.97,6.71,tablet,45.49
CMPD-1406,296.75,-2,75.22,2,1,1,3,-3.23,5,18.72,5.41,capsule,1.7
CMPD-1407,223.6,3.73,21.4,1,2,4,1,-2.49,25,10.71,3.41,tablet,64.18
CMPD-1408,545.15,2.73,115.26,1,1,6,2,-3.55,200,14.6,8.53,capsule,45.18
CMPD-1409,344.51,2.1,67.82,0,5,4,1,-4.53,400,17.28,5.04,capsule,55.44
CMPD-1410,352.41,6.18,114.15,0,3,4,0,-4.17,10,15.04,4.58,capsule,12.45
CMPD-1411,526.1,1.29,56.57,3,3,3,0,-2.34,100,8.35,7.96,tablet,45.78
CMPD-1412,441.19,1.77,56.67,1,7,3,1,-3.54,25,63.58,5.94,capsule,51.62
CMPD-1413,430.15,6.08,48.25,1,4,3,5,-7.32,400,5.16,6.91,solution,3.53
CMPD-1414,618.15,1,105.67,4,3,7,4,-4.03,400,9.15,7.51,tablet,31.27
CMPD-1415,309.21,1.51,50.17,3,4,8,3,-2.7,200,8.13,7.61,capsule,49.78
CMPD-1416,482.06,2.24,97.56,2,5,6,2,-3.23,5,35.05,7.11,tablet,51.74
CMPD-1417,386.27,4.01,61.61,5,10,6,2,-5.03,100,45.68,5.69,tablet,25.19
CMPD-1418,409.55,2.87,10,2,9,2,0,-4.62,200,26.9,4.95,capsule,61.17
CMPD-1419,548.13,0.17,55.04,1,3,9,0,-6.42,400,7.25,8.66,capsule,15.01
CMPD-1420,435.86,1.54,33.73,4,3,7,0,-2.68,10,5.93,6.66,capsule,58.54
CMPD-1421,439.21,1.41,76.19,4,4,5,4,-2.57,10,26.59,7.06,suspension,50.61
CMPD-1422,497.98,2.36,33.34,4,7,6,2,-3.7,50,10.39,5.92,suspension,52.87
CMPD-1423,339.86,3.27,107.41,3,4,4,1,-4.03,100,10.26,6.89,suspension,56.34
CMPD-1424,287.69,3.25,71.81,1,6,6,2,-5.12,10,24.33,5.99,capsule,48.76
CMPD-1425,265.07,-0.7,68.78,3,4,5,1,-3,25,12.58,6.15,tablet,25.51
CMPD-1426,163.7,4.42,97.96,0,5,5,2,-5.96,10,46.74,4.88,tablet,34.57
CMPD-1427,606.18,2.95,108.74,0,5,4,3,-2.33,10,48.79,7.04,capsule,38.57
CMPD-1428,258.65,4.99,74.3,4,6,2,0,-2.63,10,55.58,3.72,capsule,40.17
CMPD-1429,355.66,3.3,48.01,5,2,5,5,-1.75,400,34.06,7.85,suspension,56.1
CMPD-1430,349.55,4.48,12.91,2,5,6,1,-3.42,50,25.4,8.8,capsule,43.15
CMPD-1431,413.81,3.34,50.99,1,4,4,5,-4.28,200,27.12,5.96,tablet,48.79
CMPD-1432,469.73,4.92,53.4,1,5,6,2,-2.85,5,41.41,7.57,capsule,34.33
CMPD-1433,474.65,3.44,78.75,1,4,3,2,-2.33,200,79.4,6.04,tablet,37.56
CMPD-1434,315.86,2.32,62.92,3,8,8,1,-5.24,10,68.08,6.49,tablet,41.07
CMPD-1435,361.62,6.59,99.08,0,4,3,1,-3.6,5,16.28,5.84,capsule,7.03
CMPD-1436,411.08,4.1,53.55,2,4,5,2,-3.1,100,19.22,5.99,tablet,42.06
CMPD-1437,352.64,3.53,73,0,3,1,2,-2.78,5,36.78,5.99,solution,66.94
CMPD-1438,556.81,0.2,116.44,2,4,9,2,-4.03,100,110.81,4.2,tablet,24.05
CMPD-1439,434.01,0.18,86.96,0,6,3,2,-2.55,50,9.44,6.89,capsule,39.01
CMPD-1440,460.84,3.03,72.9,5,7,2,0,-4.94,100,20.09,4.24,capsule,31.28
CMPD-1441,452.92,2.76,53.93,2,3,10,3,-0.47,100,13.21,6.02,solution,67.91
CMPD-1442,509.08,1.39,52.84,2,8,4,1,-4.44,25,56.98,4.36,solution,49.57
CMPD-1443,399.91,2.75,45.23,7,2,6,1,-2.89,50,12.05,6.05,tablet,60.74
CMPD-1444,237.35,5.36,56.06,1,7,11,0,-4.33,10,7.43,6.81,capsule,25.98
CMPD-1445,423.97,3.75,101.45,3,4,6,1,-3.35,50,15.77,8.14,tablet,43.87
CMPD-1446,308.35,0.45,67.23,0,6,3,3,-5.12,25,14.81,6.44,solution,57.14
CMPD-1447,321.85,2.3,27.76,1,1,4,3,-1.89,400,42.23,6.14,solution,66.22
CMPD-1448,444.5,1.05,136.89,2,5,7,3,-4.73,100,2.82,5.16,capsule,39.17
CMPD-1449,516.21,1.8,86.2,1,4,4,2,-3.38,200,50.24,5.45,tablet,49.14
CMPD-1450,382.34,1.76,25.76,2,6,7,0,-3.6,50,49.87,7.91,tablet,54.23
CMPD-1451,413.97,1.64,59.54,0,4,5,1,-4.55,25,10.86,7.05,tablet,48.09
CMPD-1452,567.24,0.24,78.88,1,3,7,1,-7.32,200,6.53,5.41,tablet,13.74
CMPD-1453,406.48,2.27,134.66,0,7,7,2,-1.91,10,20.54,4.05,capsule,51.23
CMPD-1454,666.19,1.49,36.22,4,3,1,4,-3.28,100,5.93,8.47,tablet,43.6
CMPD-1455,442.21,-2,109.16,2,6,4,2,-6.11,50,38.26,5.01,tablet,1
CMPD-1456,186.32,6.2,123.98,1,5,10,0,-6.37,50,2.22,6.49,solution,13
CMPD-1457,462.87,4.46,53,0,1,6,1,-3.98,200,20.77,5.45,solution,54.33
CMPD-1458,421.93,1.82,65.29,8,5,10,3,-3.62,400,18.28,5.18,solution,36.05
CMPD-1459,521.87,2.53,38.73,1,2,6,1,-3.82,400,23.67,6.72,tablet,55.3
CMPD-1460,454.05,0.39,67.88,3,5,4,2,-1.33,100,64.9,7.53,tablet,34.2
CMPD-1461,364.77,5.55,73.72,2,4,6,2,-6,400,16.13,7.29,tablet,10.68
CMPD-1462,245.33,5.92,98.09,1,9,2,3,-3.18,50,43.51,7.22,capsule,20.94
CMPD-1463,357.01,2.78,113.16,1,6,5,3,-2.53,100,16.92,5.27,solution,62.22
CMPD-1464,286.44,4.34,48.82,4,7,5,2,-2.56,400,21.97,6.7,capsule,52.73
CMPD-1465,316.14,2.82,10,1,2,3,0,-2.16,25,30.61,6.9,capsule,72.5
CMPD-1466,444.74,0.09,74.26,1,5,6,3,-3.32,100,28.48,4.8,capsule,35.41
CMPD-1467,563.69,1.76,85.27,2,5,1,2,-3.13,10,5.32,4,tablet,42.85
CMPD-1468,423.41,2.74,83.73,2,2,3,1,-3.99,100,120.27,6.56,tablet,44.56
CMPD-1469,248.45,1.68,63.57,0,2,4,3,-5.76,200,65.64,5.51,tablet,42.4
CMPD-1470,428.91,2.11,79.37,2,3,5,1,-3.01,50,7.66,4.95,capsule,50.81
CMPD-1471,511.63,2.34,128.04,1,4,3,2,-4.1,200,15.07,4.08,suspension,56.6
CMPD-1472,312.92,2.35,88.36,3,3,1,4,-4.62,100,36.57,5.65,solution,58.19
CMPD-1473,365.26,2.59,61.93,1,1,4,5,-2.94,100,65.52,8.39,tablet,58
CMPD-1474,381.62,0.59,57.49,2,3,4,4,-2.81,100,19.45,7.53,tablet,43.88
CMPD-1475,293.66,1.21,69.06,6,4,8,3,-4.56,10,17.32,8.26,tablet,34.79
CMPD-1476,451.31,0.19,132.29,3,7,6,3,-3.12,200,23.63,5.61,suspension,30.85
CMPD-1477,366.7,4.26,68.58,0,5,1,0,-3.62,10,9.64,7.79,tablet,50.37
CMPD-1478,426.15,-1.29,74.31,2,0,6,2,-3.22,50,26.56,7.99,suspension,20.83
CMPD-1479,282.38,4.58,58.12,4,3,4,1,-1.62,200,22.89,8.28,tablet,43.45
CMPD-1480,331.88,5,113.46,0,9,3,1,-2.84,50,6.33,6.19,solution,42.87
CMPD-1481,459.46,1.96,143.59,3,2,2,2,-2.95,100,33.65,5.92,solution,50.9
CMPD-1482,338.99,-2,90.77,2,4,5,4,-4.83,5,48.47,6.39,solution,1
CMPD-1483,569.97,1.85,77.9,3,6,5,3,-4.62,200,28.45,6.61,solution,53.07
CMPD-1484,336.04,2.38,76.29,2,5,6,3,-2.78,25,14.24,4.93,tablet,61.35
CMPD-1485,404.72,0.68,10,3,3,2,0,-5.88,100,11.46,5.81,solution,58.13
CMPD-1486,482.58,1.57,101.08,1,1,3,2,-4.03,400,56.12,7.84,capsule,37.08
CMPD-1487,223.98,5.25,79.7,3,1,0,3,-4.64,400,62.36,5.83,solution,37.41
CMPD-1488,186.31,3.7,89.99,1,2,6,2,-3.71,25,43.6,6.59,capsule,55.38
CMPD-1489,212.18,0.84,50.1,5,5,7,3,-3.82,10,21.67,7.07,tablet,34.17
CMPD-1490,518.88,-0.38,61.54,0,6,3,0,-3.3,50,11.62,7.99,capsule,35
CMPD-1491,319.3,1.91,60.61,6,2,7,3,-2.8,5,9.82,7.22,tablet,39.33
CMPD-1492,661.4,2.12,110.76,3,3,7,5,-2.05,400,33.23,7.62,solution,47.42
CMPD-1493,317.93,3.39,61.74,2,2,5,1,-1.94,50,28.83,7.02,tablet,50.25
CMPD-1494,400.3,1.54,147.89,3,2,5,4,-3.86,10,27.69,6.85,tablet,62.64
CMPD-1495,549.63,3.42,90.08,1,5,4,1,-4.39,100,5.73,7.55,capsule,43.48
CMPD-1496,600.67,5.98,30.35,3,2,5,4,-4.68,10,78.46,3.71,solution,17.87
CMPD-1497,606.77,3.97,70.5,1,3,2,0,-3.98,5,62.53,7.35,capsule,41.85
CMPD-1498,512.92,2.41,52.19,2,6,4,3,-4.98,100,20.01,4.01,suspension,41.49
CMPD-1499,492.65,2.17,10,2,5,6,2,-2.8,200,34.26,5.88,tablet,59.4
CMPD-1500,445.18,1.86,130.98,1,6,5,3,-1.96,400,4.6,7.58,tablet,49.18
CMPD-1501,465.62,4.63,99.61,2,1,4,4,-5.79,100,5.85,6.3,tablet,23.9
CMPD-1502,319.37,1.37,93.66,2,1,6,1,-3.49,5,0.5,6.42,tablet,49.37
CMPD-1503,290,2.58,80.79,2,7,4,0,-1.17,400,41.34,6.79,tablet,52.7
CMPD-1504,379.63,2.59,26.63,5,8,4,1,-5.72,50,20.75,8.73,tablet,41.59
CMPD-1505,361.28,1.6,58.07,1,1,6,3,-1.28,100,30.51,3.9,tablet,57.65
CMPD-1506,330.14,0.03,104.46,0,4,4,1,-4.79,50,18.5,5.63,solution,40.37
CMPD-1507,456.6,3.08,38.21,4,5,7,1,-4.41,25,30.36,8.17,capsule,47.85
CMPD-1508,485.08,2.39,10,4,3,7,1,-2.57,5,73.17,6.2,tablet,68.06
CMPD-1509,389.72,3.4,67.05,3,3,6,1,-2.74,25,29.67,6.27,tablet,52.65
CMPD-1510,542.53,1.54,70.04,4,2,4,3,-3.66,100,70.15,7.32,tablet,36.85
CMPD-1511,254.41,4.7,79.74,2,3,5,2,-4.65,5,12.65,5.01,tablet,51.3
CMPD-1512,358.7,0.92,100.5,0,4,5,4,-5.37,100,20.68,7.56,tablet,50.17
CMPD-1513,301.15,5.58,97.32,0,6,5,2,-3.61,400,12.39,6.06,tablet,28.04
CMPD-1514,174.68,-0.65,84.06,3,1,6,4,-3.82,5,57.32,6.3,tablet,24.24
CMPD-1515,370.91,3.28,116.84,4,3,6,0,-4.69,50,12.45,5.52,suspension,47.73
CMPD-1516,366.61,3.36,21.84,2,3,8,1,-3.88,10,53.49,7.11,tablet,37.98
CMPD-1517,546.48,1.07,92.66,0,5,4,5,-3.12,200,78.91,6.12,tablet,31.33
CMPD-1518,449.39,3.26,96.93,0,8,9,2,-1.9,10,12.81,6.83,tablet,57.91
CMPD-1519,267.34,4.8,31.62,1,3,11,1,-3.21,5,23.96,6.05,tablet,51.32
CMPD-1520,583.95,-1.49,22.4,1,4,5,1,-3.76,400,2.27,6.45,tablet,1
CMPD-1521,514.31,3.4,48.89,2,3,5,4,-4.74,25,15.91,5.83,tablet,39.86
CMPD-1522,444.03,-1.99,51.85,0,4,5,1,-4.62,5,39.78,6.08,tablet,1
CMPD-1523,355.09,0.76,101.37,0,5,2,1,-3.18,50,31.8,5.47,capsule,42.54
CMPD-1524,274.46,5.43,53.49,1,2,4,1,-3.09,200,21.68,5.31,capsule,36.79
CMPD-1525,339.06,1.45,45.03,2,2,6,0,-3.83,25,52.8,8.6,tablet,55.06
CMPD-1526,499.76,0.39,53.59,1,2,3,3,-2.14,5,13.36,6.72,solution,48.79
CMPD-1527,587.3,2.14,114.15,4,6,6,4,-3.41,400,12.83,3.99,tablet,26.48
CMPD-1528,549.76,6.22,75.46,2,5,6,0,-4.23,200,5.81,6.36,solution,3.55
CMPD-1529,326.23,-0.8,68.73,3,4,2,3,-4.48,200,27.25,7.68,tablet,15.61
CMPD-1530,256.84,0.61,71.15,2,3,2,4,-4.58,400,42.44,4.5,tablet,48.38
CMPD-1531,395.5,5.2,120.22,3,7,7,3,-2.78,5,19,7.17,tablet,27.32
CMPD-1532,185.47,5.84,48.78,0,3,7,1,-4.43,100,33.54,6.43,tablet,34.34
CMPD-1533,415.55,2.31,121.04,4,3,5,2,-3.34,50,38.78,4.37,suspension,52.67
CMPD-1534,363.76,0.27,82.37,2,4,4,3,-4.77,50,20.68,5.73,tablet,30.86
CMPD-1535,328.74,6.27,69.39,2,5,3,0,-3.75,400,47.47,6.24,capsule,10.34
CMPD-1536,204.58,5.37,162.53,1,7,5,3,-3.58,10,14.74,4.96,capsule,22.18
CMPD-1537,436.5,3.72,38.05,2,4,2,0,0,100,27.28,5.58,tablet,54.56
CMPD-1538,321.4,1.04,62.62,1,2,5,1,-5.46,400,71.67,6.77,tablet,39.71
CMPD-1539,251.31,2.41,31.86,1,8,6,4,-2.29,25,32.52,6.78,solution,74.15
CMPD-1540,120,2.21,108.34,0,5,7,1,-4.65,200,31.66,7.02,tablet,46.26
CMPD-1541,376.97,3.1,134.12,3,2,6,0,-1.48,10,40.76,5.69,solution,59.88
CMPD-1542,574.95,5.11,133.45,5,8,4,2,-4.55,50,33.19,7.79,capsule,10.08
CMPD-1543,562.74,4.08,117.84,2,4,3,3,-1.95,5,52.17,6.33,capsule,51.59
CMPD-1544,329.72,0.56,68.08,1,3,4,4,-3.17,100,17.67,5.97,suspension,49.31
CMPD-1545,313.76,4.98,62.22,0,4,4,1,-5.5,50,20.59,6.21,solution,41.07
CMPD-1546,431.57,3.06,16.51,1,5,12,0,-3.2,50,26.35,6.92,solution,59.03
CMPD-1547,270.18,3.74,146.26,2,3,6,2,-2.73,100,25.05,6.84,capsule,52.28
CMPD-1548,413.2,5.14,91.41,0,6,4,0,-2.62,50,23.5,5.94,tablet,35.56
CMPD-1549,464.27,0.5,57.78,2,4,4,2,-3.86,10,37.55,7.62,solution,52.43
CMPD-1550,514.96,2.44,121.48,1,1,13,3,0,400,16.78,6.24,tablet,51.24
CMPD-1551,368.98,1.54,40.95,1,3,6,5,-0.58,100,13.17,7.31,solution,82.77
CMPD-1552,357.6,-0.32,89.23,5,5,4,2,-2.99,50,36.46,8.13,solution,28.97
CMPD-1553,283.42,3.12,68.96,0,5,5,3,-5.47,50,19.56,5.89,solution,59.62
CMPD-1554,289.04,7.02,97.35,2,7,3,0,-5,100,29.13,6.03,tablet,1
CMPD-1555,355.09,-0.81,72.77,0,2,4,5,-3.9,5,133.14,5.15,tablet,18.91
CMPD-1556,420.41,2.44,24.22,0,1,6,1,-3.64,25,115.94,5.36,capsule,55.23
CMPD-1557,480.49,3.65,77.65,0,4,5,5,-4.74,100,72.07,7.3,suspension,40.05
CMPD-1558,291.65,2.72,111.71,3,4,6,2,-4.32,5,50.34,7.29,solution,60.13
CMPD-1559,544.2,2.3,73.98,4,6,5,4,-6.48,200,92.26,4.28,solution,37.24
CMPD-1560,350.18,0.16,102.13,4,4,7,3,-6.74,50,27.22,5.26,capsule,21.93
CMPD-1561,377.65,2.92,38.41,1,2,5,0,-3.48,10,23.09,8.15,tablet,46.13
CMPD-1562,297.81,1.14,74.08,2,5,7,2,-1.11,200,65.91,5.47,solution,63.92
CMPD-1563,120,-1.44,53.14,2,5,5,5,-5.83,400,8.33,6.18,tablet,4.3
CMPD-1564,477.24,4.65,101.14,1,2,4,1,-3.82,50,24.26,6.54,tablet,20.56
CMPD-1565,461.05,4.23,76.1,3,7,7,4,-3.53,50,4.56,6.68,solution,50.55
CMPD-1566,349.05,2.59,99.15,3,1,4,2,-2.94,200,38.48,4.74,capsule,51.77
CMPD-1567,387.37,2.91,113.07,2,3,4,2,-4.27,5,23.96,6.68,tablet,39.7
CMPD-1568,436.75,4.43,99.21,1,4,5,1,-5.15,100,45.08,3.01,tablet,24.51
CMPD-1569,208.12,2.9,84.56,3,2,1,1,-2.53,25,92.11,5.71,solution,57.11
CMPD-1570,321.8,4.13,40.06,0,3,7,2,-6.43,25,12.94,6.06,suspension,40.91
CMPD-1571,467.37,1.96,74.9,3,5,1,4,-2.93,100,22.43,4.53,tablet,52.94
CMPD-1572,242.03,4.86,56.34,2,7,5,2,-4.71,400,3.58,7.28,solution,44.48
CMPD-1573,412.29,3.08,62.96,1,4,5,2,-3.13,100,40.18,5.39,capsule,57.19
CMPD-1574,230.78,2.85,61.89,3,1,4,0,-1.76,10,15.21,8.5,tablet,60.97
CMPD-1575,431.31,0.21,40.7,3,6,4,3,-4.53,100,20.62,6.99,solution,56.84
CMPD-1576,376.08,3.02,10,2,4,5,2,-4.05,400,43.28,6.2,capsule,37.71
CMPD-1577,202.34,1,51.61,3,2,7,2,-4.13,10,52.94,7.37,capsule,41.37
CMPD-1578,508.12,1.35,81.77,2,3,1,5,-0.08,100,20.86,4.48,capsule,59.11
CMPD-1579,299.19,1.03,27.81,1,2,8,4,-3.69,400,14.44,6.71,capsule,47.96
CMPD-1580,290.87,0.58,75.55,3,4,3,3,-3.76,400,18.29,4.98,capsule,39.26
CMPD-1581,402.06,6.32,141.51,1,3,4,3,-3.63,10,13.88,7.47,capsule,8.53
CMPD-1582,506.35,4.9,110.81,2,3,4,1,-1.47,100,16.18,5.95,solution,43.3
CMPD-1583,268.26,5.96,132.52,2,7,6,0,-4.46,100,32.91,3.96,tablet,1
CMPD-1584,386.78,0.3,88.69,4,6,6,0,-2.31,25,33.37,4.85,capsule,41.34
CMPD-1585,427.17,2.63,115.86,1,2,3,0,-4.64,50,46.33,6.49,tablet,53.47
CMPD-1586,456.24,0.17,49.66,1,4,3,2,-4.74,50,27.6,6.9,tablet,44.6
CMPD-1587,399.41,1.25,52.45,2,2,2,2,-2.94,10,24.55,4.61,suspension,44.51
CMPD-1588,339.63,0.85,10,3,5,3,2,-1.68,5,1.57,4.25,tablet,59.62
CMPD-1589,288.97,4.73,116.52,1,1,5,2,-4.07,200,18.16,5.97,capsule,34.27
CMPD-1590,389.48,1.79,128.91,1,3,6,4,-4.09,25,44.12,8.41,solution,53.13
CMPD-1591,262.06,4.42,55.64,2,4,6,2,-2.55,100,19.33,5.84,solution,52.1
CMPD-1592,120,3.59,66.11,1,2,6,4,-3.52,25,20.42,6.75,tablet,50.09
CMPD-1593,428.02,6.65,48.61,2,0,5,0,-2.48,5,13.73,3.32,capsule,10.27
CMPD-1594,479.43,-0.16,88.39,2,5,5,3,-5.94,25,49.82,9,solution,35.12
CMPD-1595,120.08,4.77,114.37,1,11,6,1,-5.06,5,33.51,5.17,tablet,40.32
CMPD-1596,268.93,4.56,14,1,3,6,2,-3.59,200,24.81,6.6,tablet,53.62
CMPD-1597,448.11,0.75,89.33,2,4,5,4,-2.82,5,64.47,4.26,tablet,33.09
CMPD-1598,606.32,4.31,65.32,1,4,6,5,-3.69,5,10.86,6.98,tablet,37.68
CMPD-1599,382.29,3.11,78.97,2,0,6,5,-3.38,400,32.5,5.77,solution,58.2
CMPD-1600,299.92,2.09,91.06,2,2,6,5,-2.59,5,30.86,6.77,capsule,62.73
CMPD-1601,359.88,1.02,68.41,3,8,4,2,-5.37,5,36.33,6.13,capsule,43.72
CMPD-1602,531.24,1.21,71.37,3,3,7,2,-2.59,100,29.57,7.06,tablet,41.63
CMPD-1603,308.94,6.19,67.51,2,1,6,0,-1.92,25,22.45,7.74,tablet,28.98
CMPD-1604,292.09,2.5,108.96,4,5,3,5,-4.01,50,4.23,4.79,capsule,64.35
CMPD-1605,326.9,3.91,89.66,4,4,7,2,-4.79,50,2.82,8.49,solution,50.12
CMPD-1606,275.13,1.08,82.72,1,5,4,4,-2.17,100,5.87,5.63,solution,59.38
CMPD-1607,393.49,1.1,30.52,3,3,9,2,-0.92,10,25.76,7.03,solution,70.19
CMPD-1608,558.71,4.45,61.75,1,4,5,3,-3.28,200,11.75,5.42,capsule,45.46
CMPD-1609,415.54,0.07,106.45,0,5,5,3,-4.82,400,11.28,6.64,tablet,32.8
CMPD-1610,352.24,1.75,76.32,3,5,9,2,-3.51,5,56.5,6.04,tablet,46.95
CMPD-1611,347.9,2.56,98.08,3,4,5,3,-4.75,25,32.57,8.86,suspension,57.23
CMPD-1612,208.05,2.7,136.83,0,3,3,1,-2.43,5,34.81,5.55,capsule,54.15
CMPD-1613,477.14,2.18,111.35,0,2,5,1,-3.58,400,20.6,8.41,solution,55.26
CMPD-1614,371.44,3.21,78.26,4,6,3,0,-4.89,5,5.66,5.28,capsule,57.21
CMPD-1615,360.15,3.75,57.12,1,6,5,2,-3.2,50,24.95,8.41,solution,58.44
CMPD-1616,731.24,3.82,10,4,9,5,0,-4.48,5,13.66,7.67,tablet,32.85
CMPD-1617,412.86,0.73,69.11,2,2,3,0,-5.47,400,32.72,6.05,capsule,38.18
CMPD-1618,297.3,1.99,63.59,2,4,7,1,-2.36,25,19.63,6.29,capsule,54.42
CMPD-1619,333.1,4.65,88.66,3,3,3,2,-3.05,25,42.84,6.69,capsule,35.78
CMPD-1620,506.33,4.11,69.61,2,6,6,2,-4.2,50,14.94,6.5,solution,43.36
CMPD-1621,392.46,0.03,63.79,2,8,8,3,-1.59,100,6.06,6.98,suspension,40.12
CMPD-1622,221.79,3.13,12.72,0,1,3,1,-4.62,50,97.11,6.64,tablet,65.06
CMPD-1623,481.12,-1.06,42.1,3,5,4,2,-4.15,50,29.68,5.3,capsule,12.08
CMPD-1624,306.5,2.58,91.68,2,2,6,1,-2.94,400,55.59,5.86,solution,69.58
CMPD-1625,586.06,5.92,135.06,2,3,5,2,-2.19,5,55.54,6.83,capsule,16.37
CMPD-1626,498.81,0.79,71.59,1,1,7,2,-2.91,10,61.42,5.2,capsule,48.83
CMPD-1627,330.79,1,86.47,1,3,10,3,-4.35,200,22.73,5.86,solution,54.25
CMPD-1628,520.91,3.88,108.34,1,8,6,0,-3.86,100,4.07,7.13,capsule,49.59
CMPD-1629,387.46,-0.28,46.62,3,5,8,2,-4.47,100,25.31,6.79,capsule,26.54
CMPD-1630,473.81,1.36,87.84,1,4,3,1,-4,400,59.28,6.14,tablet,42.63
CMPD-1631,433.32,3.57,49.08,4,9,5,2,-3.88,100,10.72,7.72,tablet,36.33
CMPD-1632,286.9,1.36,105.27,2,3,2,2,-2.88,5,36.76,7.66,suspension,62.15
CMPD-1633,309.21,2.08,80.3,1,2,6,2,-4.54,50,50.35,5.79,suspension,51.92
CMPD-1634,493.3,3.84,85.45,1,7,6,2,-2.07,200,51.28,7.29,capsule,50.33
CMPD-1635,343.17,3.26,47.61,3,1,1,0,-3.54,400,23.16,5.42,solution,62.66
CMPD-1636,335.6,2.98,99.75,2,2,5,3,-4.78,400,19.04,6.81,tablet,40.68
CMPD-1637,274.94,1.89,147.96,0,0,2,0,-2.92,5,26.1,6.8,tablet,60.19
CMPD-1638,426.6,3.17,39.72,3,2,4,1,-3.68,25,17.08,6.5,solution,58.82
CMPD-1639,606.88,2.28,63.11,1,6,3,2,-4.19,10,19.74,6.18,capsule,38.71
CMPD-1640,262.57,3.32,83.11,0,2,7,1,-1.38,10,26.83,6.57,capsule,66.6
CMPD-1641,382.66,1.61,102.52,6,5,4,1,-3.97,200,50.84,6.48,solution,58.06
CMPD-1642,535.34,2.17,55.42,1,7,6,2,-4.18,5,21.82,3.77,tablet,38.36
CMPD-1643,371.24,0.72,10,4,5,9,1,-2.06,50,65.23,8.16,capsule,29.65
CMPD-1644,429.76,2.44,122.57,3,4,4,2,-2.74,100,28.17,7.25,tablet,62
CMPD-1645,263.14,1.04,101.62,3,2,4,1,-2.37,200,32.95,5.95,suspension,43.23
CMPD-1646,427.11,0.49,14,3,4,4,1,-4.34,200,13.91,7.64,suspension,52.79
CMPD-1647,359.41,2.97,53.74,3,4,4,1,-3.17,25,25.53,5.87,tablet,62.66
CMPD-1648,488.43,2.88,129.89,1,5,5,2,-5.58,25,12.9,3.28,solution,46.28
CMPD-1649,510.61,3.91,125.67,0,4,9,2,-6.38,400,22.69,6.9,capsule,26.19
CMPD-1650,664.85,1.72,107.85,1,2,3,0,-4.39,400,23.94,4.57,tablet,43.57
CMPD-1651,443.76,3.23,68.84,1,7,6,1,-3.43,200,17.9,4.89,tablet,48.1
CMPD-1652,415.84,3.49,77.9,0,5,4,0,0,400,64.53,5.19,tablet,68.43
CMPD-1653,401.38,3.3,70.42,1,6,6,2,-1.63,10,31.2,6.61,tablet,60.32
CMPD-1654,341.15,1.01,114.49,3,1,3,4,-5.14,200,42.47,6.7,capsule,51.74
CMPD-1655,417.23,2.77,44.35,0,2,8,1,-2.19,50,12.27,7.77,capsule,66.47
CMPD-1656,347.51,3.16,46.8,0,5,5,0,-5.52,100,6.24,5.02,suspension,60.83
CMPD-1657,398.53,2.51,110.36,2,5,7,2,-1.2,400,36.93,5.62,tablet,54.33
CMPD-1658,524.94,-1.26,73.45,1,6,4,2,-4.26,10,13.17,8.04,capsule,5.64
CMPD-1659,269.28,2.79,123.25,4,4,4,1,-4.36,50,50.72,7.13,tablet,44.07
CMPD-1660,505.39,6.48,51.5,0,3,2,3,-1.97,100,29.48,6.87,tablet,7.63
CMPD-1661,524.88,1.85,73.08,2,2,7,4,-4.34,5,25.07,6.45,solution,52.87
CMPD-1662,367.01,1.19,42.72,4,4,5,1,-0.88,50,29.27,6.98,tablet,50.46
CMPD-1663,146.6,3.17,75.26,2,5,6,2,-4.36,200,24.99,6.54,suspension,50.28
CMPD-1664,313.14,3.06,23.25,4,1,8,4,-2.17,200,55.1,6.62,suspension,61.72
CMPD-1665,522.67,4.65,57.93,1,9,7,1,-3.33,25,18.61,7.05,solution,45.87
CMPD-1666,377.48,0.24,24.73,2,5,4,2,-2.48,400,21.58,5.41,tablet,49.25
CMPD-1667,270.08,3.82,99.29,0,8,4,1,-5.01,50,37.04,6.73,suspension,49.69
CMPD-1668,324.47,3.56,100.08,2,6,3,5,-6.25,50,22.4,4.16,tablet,42.14
CMPD-1669,472.47,2.24,14.44,2,3,6,4,-4.91,200,22.61,6.51,suspension,50.57
CMPD-1670,440.14,3.11,121.69,4,6,9,2,-4.11,200,10.27,5.9,capsule,39.28
CMPD-1671,353.72,4.35,162.41,1,5,4,1,-3.8,50,32.24,7.48,tablet,38.6
CMPD-1672,339.65,4.07,76.61,5,6,8,3,-4.23,100,18.09,4.82,capsule,49.86
CMPD-1673,336.91,0.44,52.56,1,10,4,1,-6.7,100,65.85,6.73,capsule,33.36
CMPD-1674,278.53,3.98,173.85,0,1,5,0,-4.46,5,4.85,7.24,solution,46.7
CMPD-1675,557.69,2.38,28.84,3,6,1,2,-3.44,5,21.95,7.39,capsule,53.25
CMPD-1676,344.54,2.63,75.7,1,3,3,1,-3.87,100,8.66,5.72,tablet,51.03
CMPD-1677,513.89,2.63,81.29,3,4,5,2,-4.06,400,150,6.07,tablet,32.9
CMPD-1678,547.34,2.23,122.08,4,7,1,5,-4.19,100,32.04,7,tablet,40.04
CMPD-1679,489.81,4.65,87.59,0,6,6,2,-3.42,10,16.74,5.12,capsule,39.75
CMPD-1680,332.52,2.35,57.55,1,3,5,2,-5.07,50,5.97,5.96,tablet,55.77
CMPD-1681,424.41,0.48,41.71,2,5,6,0,-3.87,50,10.5,5.46,capsule,36.4
CMPD-1682,377.34,1.79,63.04,1,5,5,2,-4.11,25,46.37,4.33,tablet,39.65
CMPD-1683,280.59,2.82,39.76,4,7,4,1,-5.37,100,49.68,8.26,capsule,45.64
CMPD-1684,415.68,4.71,76.67,1,3,4,2,-3.77,100,18.41,6.53,capsule,39.87
CMPD-1685,250.31,3.59,55.25,4,5,3,4,-6.48,5,20.64,5.24,solution,48.83
CMPD-1686,510.64,0.97,22.71,0,5,5,3,-4.52,200,5.09,3.68,solution,50.88
CMPD-1687,328.89,6.97,118.93,0,6,5,1,-2.99,5,26.32,6.88,suspension,1
CMPD-1688,402.13,2.98,57.58,2,6,3,1,-2.88,200,66.72,4.62,tablet,55.74
CMPD-1689,411.16,4.8,30.62,4,2,5,3,-3.48,50,63.32,5.7,tablet,39.63
CMPD-1690,351.52,2.23,69.11,4,3,6,1,-3.16,50,65.76,6.44,tablet,56.03
CMPD-1691,444.54,3.46,77.39,1,5,8,0,-2.57,200,40.25,5.01,solution,64.15
CMPD-1692,327.76,4.01,13.87,3,8,7,1,-3.34,100,32.17,8.48,capsule,49.73
CMPD-1693,475.84,4.69,86.61,1,4,4,1,-1.74,50,17.6,5.27,tablet,42.37
CMPD-1694,231.94,4.4,38.35,1,4,4,3,-6.68,100,32.64,5.01,solution,44.6
CMPD-1695,393.9,4.07,134.89,1,3,1,1,-2.26,400,57.52,6.77,capsule,51.25
CMPD-1696,593.28,1.93,93.34,2,4,4,2,-6.76,25,24.98,6.07,capsule,35.95
CMPD-1697,269.96,1.47,61,3,4,4,4,-4.44,25,18.38,8.82,capsule,38.82
CMPD-1698,305.45,3.1,48.92,3,7,7,5,-2.4,10,32.71,8.19,capsule,52.12
CMPD-1699,436.53,4.18,71.33,0,7,4,4,-2.57,5,72.71,8.3,capsule,54.96
CMPD-1700,399.75,2.1,96.45,0,4,6,1,-4.95,400,19.57,7.16,capsule,35.91
CMPD-1701,418.57,4.42,74.11,0,3,4,1,-3.57,10,31.43,7.31,tablet,46.99
CMPD-1702,433.81,5.11,67.4,1,2,5,5,-4.39,25,25.22,6.05,tablet,34.63
CMPD-1703,449.82,0.85,77.04,2,3,3,2,-2.23,50,13.37,7.31,tablet,48.62
CMPD-1704,502.07,0.99,53.86,3,5,3,2,-3.62,400,15.08,5.71,solution,43.79
CMPD-1705,425.08,2.25,62.99,2,6,4,1,-4.47,5,23.27,6.34,capsule,43.9
CMPD-1706,353.46,3.05,10,3,2,8,1,-2.93,5,15.44,4.83,suspension,60.99
CMPD-1707,453.98,1.56,109.08,3,2,6,1,-2.63,10,30.13,5.97,solution,54.06
CMPD-1708,588.99,4.93,85.46,4,3,5,3,-3.79,5,22.94,7.17,solution,42.95
CMPD-1709,365.41,3.26,47.93,2,1,7,1,-2.52,25,14.06,7.81,tablet,60.76
CMPD-1710,272.8,2.57,141.46,1,3,8,2,-1.16,50,40.95,7.04,tablet,56.63
CMPD-1711,501.78,-0.08,78.05,2,4,4,1,-6.62,10,63.82,8.15,tablet,19.33
CMPD-1712,366.76,0.13,38.73,2,4,7,0,-1.69,50,3.82,4.8,capsule,40.42
CMPD-1713,141.01,3.01,104.99,2,5,4,3,-1.35,200,19.03,7.13,capsule,59.19
CMPD-1714,473.22,-1.34,88.93,1,6,6,2,-2.83,10,17.52,5.45,tablet,1
CMPD-1715,321.11,4.32,88.81,1,4,4,2,-3.97,200,28.52,7,capsule,42.65
CMPD-1716,370.04,2.22,60.1,0,6,6,1,-5.84,100,23.75,5.52,capsule,51.15
CMPD-1717,416.52,8,90.77,0,6,3,0,-3.44,400,17.1,5.82,capsule,1
CMPD-1718,400.95,6.65,65.84,2,2,2,3,-4.1,5,57.86,7.53,suspension,9.47
CMPD-1719,458.04,2.17,94.46,1,3,4,3,-5.59,100,31.4,6.79,suspension,55.58
CMPD-1720,332.1,2.31,10,7,5,7,0,-4.49,200,6.27,5.5,tablet,50.33
CMPD-1721,436.44,4.29,59.81,1,1,6,2,-3.56,5,33.12,4.69,tablet,55.72
CMPD-1722,351.45,5.57,135.28,1,5,10,1,-3.1,100,18.45,5.45,tablet,26.79
CMPD-1723,461.27,-0.45,48.15,1,9,5,2,-5.04,50,58.69,6.42,tablet,18.75
CMPD-1724,447.69,-0.72,53.87,2,9,5,2,-7.07,25,18.02,5.04,tablet,5.2
CMPD-1725,277.1,1.38,59.32,4,3,6,3,-3.88,10,19.7,6.8,suspension,50.84
CMPD-1726,499.46,3.55,32.48,2,2,6,0,-4.88,5,10.16,5.18,suspension,43.93
CMPD-1727,321.04,3.39,10,1,5,2,2,-4.15,10,17.72,6.27,tablet,60.06
CMPD-1728,468.89,4.43,66.93,1,4,3,1,-6.57,25,29.27,6.89,solution,38.85
CMPD-1729,420.4,0.34,79.76,1,5,5,3,-3.98,100,15.05,5.92,tablet,28.68
CMPD-1730,582.2,-1.67,73.16,0,5,4,2,-2.94,400,7.78,7.77,tablet,1.72
CMPD-1731,355.42,4.04,69.93,4,6,10,2,-4.17,400,20.9,6.94,capsule,33.73
CMPD-1732,341.58,1.01,76.51,1,1,4,3,-3.35,50,27.01,5.39,capsule,43.05
CMPD-1733,377.86,-1.13,110.8,3,8,6,1,-3.94,200,3.17,5.14,solution,19.09
CMPD-1734,346.65,2.76,68.33,3,6,5,1,-6.46,10,17.31,8.36,suspension,52.14
CMPD-1735,467.99,3.93,54.91,3,1,9,3,-3.38,200,27.03,7.82,tablet,35.68
CMPD-1736,202.21,2.28,65.16,2,3,5,2,-4.68,100,12.86,6.07,suspension,52.98
CMPD-1737,264.09,1.68,95.28,2,6,10,1,-5.49,200,149.74,6.85,tablet,31.1
CMPD-1738,262.54,2.21,124.42,3,9,8,2,-2.48,5,60.54,6.15,tablet,44.46
CMPD-1739,484.53,1.83,53.01,2,3,6,2,-3.1,400,73.08,7.28,tablet,34.08
CMPD-1740,568.17,0.07,78.46,0,4,6,3,-4.42,10,27.5,6.7,solution,34.89
CMPD-1741,368.51,1.21,86.84,3,5,4,1,-3.73,400,51.67,4.08,solution,45.34
CMPD-1742,361.43,3.44,40.26,2,4,5,3,-3.26,10,12.56,7.87,solution,72.16
CMPD-1743,387.71,3.08,75.71,4,1,2,0,-6.05,400,15.25,8.12,tablet,42.25
CMPD-1744,507.81,2.8,23.7,2,0,3,2,-5.21,5,7.68,5.93,tablet,47.91
CMPD-1745,277.99,0.71,13.08,1,4,7,5,-5.14,25,26.17,6.87,tablet,47.31
CMPD-1746,406.22,2.17,87.84,3,1,4,1,-2.75,100,14.78,7.8,capsule,47.19
CMPD-1747,487.27,-1.42,61.56,2,3,6,1,-1.15,200,52.29,9,tablet,8.66
CMPD-1748,435.12,2.82,82.08,2,3,4,1,-2.61,200,47.18,7.13,tablet,48.84
CMPD-1749,400.85,5.07,74.37,0,3,4,2,-3.32,10,23.05,6.92,tablet,38.98
CMPD-1750,490.12,-0.15,40.83,0,5,4,3,-5.04,100,35.19,7.53,tablet,30.46
CMPD-1751,120,1.45,73.42,4,4,7,0,-2.39,200,19.82,7.65,capsule,48.74
CMPD-1752,454.57,3.09,31.84,1,3,5,2,-4.04,50,14.46,7.14,tablet,55.29
CMPD-1753,308.05,4.76,123.68,2,3,5,2,-5.02,100,15.96,4.95,solution,35.53
CMPD-1754,178.63,1.69,27.54,1,3,7,2,-2.42,100,33.58,6.71,solution,62.74
CMPD-1755,436.23,1.25,68.15,1,1,2,3,-1.51,400,16.32,6.85,capsule,63.14
CMPD-1756,531.1,-1.04,38.52,1,7,6,2,-2.39,200,35.69,4.74,solution,26.77
CMPD-1757,364.88,2.69,94.96,2,6,6,3,0,400,23.1,7.26,tablet,60.49
CMPD-1758,484.82,6.18,63.4,3,5,5,2,-4.64,5,29.79,5.14,capsule,9.29
CMPD-1759,557.35,3,56.85,2,9,5,3,-4.2,400,17.83,8.08,tablet,30.36
CMPD-1760,524.64,2.46,104.86,1,9,4,2,-4.82,200,2.49,5.54,tablet,45.52
CMPD-1761,560.4,3.08,76.03,1,3,4,2,-4.83,100,57.92,7.63,capsule,52.18
CMPD-1762,461.63,2.48,93.08,2,3,6,4,-1.4,400,18.35,5.68,solution,64.86
CMPD-1763,388.3,1.04,40.65,1,10,5,2,-5.16,200,23.19,8.01,tablet,38.81
CMPD-1764,203.78,3.98,25.83,3,6,2,0,-4.32,200,29.79,8.16,tablet,38.7
CMPD-1765,352.93,2.91,78.75,2,6,2,2,-1.61,25,27.91,7.18,capsule,64.47
CMPD-1766,287.24,2.53,63.84,1,6,3,3,-2.92,100,5.61,5.74,tablet,63.08
CMPD-1767,618.8,0.74,96.93,3,5,4,2,-5.02,50,59.6,7.01,solution,42.04
CMPD-1768,360.65,4.85,72.2,3,3,5,2,-3.62,200,33.87,5.63,solution,40.27
CMPD-1769,393.55,3.7,82.18,4,7,6,1,-6.05,100,16.29,5.13,capsule,31.3
CMPD-1770,440.66,1.5,18.18,0,5,9,4,-3.8,200,34.98,5.88,suspension,47.58
CMPD-1771,384.8,4.3,141.1,4,8,3,1,-3.38,5,26.13,6.44,tablet,30.35
CMPD-1772,566.46,1.6,69.25,2,5,5,1,-3.29,50,17.91,5.74,tablet,48.18
CMPD-1773,311.51,1.09,99.42,2,1,3,0,-0.68,5,13.4,6.18,solution,68.52
CMPD-1774,401.41,1.13,45.74,0,8,4,1,-2.39,200,32.88,5.83,suspension,57.3
CMPD-1775,298.33,-0.69,85.78,1,1,3,0,-5.26,25,37.15,6.52,suspension,27.23
CMPD-1776,234.8,3.35,29.4,4,2,9,3,-3.34,400,60.03,6.23,tablet,46.54
CMPD-1777,312.71,-0.8,90.82,2,5,6,5,-3.6,25,31.06,4.68,capsule,14.52
CMPD-1778,375.93,0.29,62.54,3,5,1,0,-0.7,5,52.53,6.46,tablet,56.04
CMPD-1779,332.78,-1.24,76.02,2,5,5,2,-4.16,400,85.05,5.54,capsule,6.33
CMPD-1780,303.83,2.35,99.43,7,6,6,2,-3.3,25,6.7,5.41,solution,61.29
CMPD-1781,225.31,2.23,31.86,2,12,6,5,-3.1,200,38.73,5.41,solution,62.6
CMPD-1782,370.86,1.91,51.04,3,4,4,4,-5.1,5,47.55,6.71,capsule,46.78
CMPD-1783,214.48,0.62,91.01,0,3,4,0,-5.79,400,10.25,6.98,solution,44.68
CMPD-1784,463.61,0.39,148.44,2,4,3,2,-3.84,10,22.13,6.65,suspension,31.59
CMPD-1785,389.07,3.34,70.17,3,1,2,0,-2.5,100,14.18,7.37,capsule,65.21
CMPD-1786,219.67,1.51,95.69,3,4,3,3,-5.47,10,27.86,6.5,capsule,54.87
CMPD-1787,345.99,3.07,71.26,3,7,4,2,-3.65,25,13.1,6.66,capsule,50.87
CMPD-1788,297.26,0.91,142.98,3,2,5,2,-4.5,5,20.16,5.47,capsule,45.22
CMPD-1789,415.11,2.83,13.85,1,2,5,2,-6.4,5,13.26,7.09,solution,56.21
CMPD-1790,527.45,4.85,78.31,2,1,2,3,-3.15,400,4.33,6.33,tablet,25.76
CMPD-1791,173.73,3.56,18.11,2,4,2,5,-2.89,200,22.39,7.25,capsule,56.47
CMPD-1792,392.65,1.76,10,1,4,4,3,-2.49,5,81.81,6.38,capsule,63.98
CMPD-1793,362.39,2.96,85.41,1,2,5,4,-2.33,5,32.48,6.5,tablet,65.3
CMPD-1794,453.85,2.07,79.88,3,7,6,2,-3.65,100,21.01,5.55,capsule,45.93
CMPD-1795,403.45,2.51,65.03,4,5,6,2,-2.9,50,53.39,6.31,capsule,46.89
CMPD-1796,297.28,1.91,71.28,1,4,6,2,-3.22,400,18.57,8.94,capsule,47
CMPD-1797,344.9,2.2,183.44,0,5,4,2,-7.36,10,17.43,4.28,tablet,34.34
CMPD-1798,292.44,2.88,65.96,2,4,9,1,-5.75,25,33.16,5.95,suspension,47.72
CMPD-1799,498.36,0.71,92.85,1,7,2,2,-4.61,5,26.61,7.44,tablet,35.2
CMPD-1800,382.34,0.67,52.27,2,5,5,4,-3.42,10,31.87,5.64,capsule,37.73
CMPD-1801,589.13,0,85.33,3,5,8,2,-3.1,50,55.05,6.63,tablet,26.03
CMPD-1802,373.33,-0.38,66.66,2,5,6,0,-2.52,10,46.67,6.38,capsule,32.26
CMPD-1803,302.08,0.31,60.63,0,2,3,0,-2.49,25,50.78,7.52,capsule,48.89
CMPD-1804,213.49,2.79,138.66,1,3,5,2,-3.22,400,48.32,6.21,tablet,50.53
CMPD-1805,181.65,0.89,116.2,1,5,5,1,-2.76,5,74.81,4.52,tablet,48.23
CMPD-1806,205.75,3.42,79.79,0,3,6,0,-1.2,400,25.13,8.53,tablet,62.57
CMPD-1807,409.38,2.56,10,4,3,9,2,-2.88,400,86.45,6.35,tablet,56.28
CMPD-1808,435.96,-1.04,62.36,1,2,8,2,-3.55,25,75.38,6.69,tablet,21.52
CMPD-1809,206.07,3.68,169.61,2,5,1,2,-2.81,400,21.22,5.96,tablet,49.55
CMPD-1810,478.45,3.96,66.93,0,4,7,5,-2.28,400,58.74,6.7,suspension,48.11
CMPD-1811,326.86,0.71,113.61,4,8,4,3,-1.18,5,44.31,7.68,tablet,41.01
CMPD-1812,396.15,3.26,125.47,0,7,3,1,-5.14,50,3.16,6.33,capsule,51.88
CMPD-1813,557.34,0.96,82.66,1,0,5,2,-5.96,200,24.84,5.57,tablet,26.99
CMPD-1814,478.65,2.68,45.54,2,5,5,1,-3.19,25,10.77,4.93,solution,60.44
CMPD-1815,350.46,0.22,10,3,7,4,1,-5.67,10,27.6,7.91,capsule,28.42
CMPD-1816,281.97,-0.73,98.95,1,2,6,2,-3.87,200,15.97,5.97,tablet,28.73
CMPD-1817,143.3,1.81,46.48,2,8,9,1,-0.78,400,46.29,7.16,capsule,62.71
CMPD-1818,300.89,2.28,81.17,4,3,8,3,-3.49,50,20.77,7.33,solution,59.88
CMPD-1819,356.78,1.78,31.26,6,2,3,1,-3.48,25,12.96,6.23,tablet,70.27
CMPD-1820,271.41,0.37,65.72,0,7,3,1,-4.1,200,25.04,6.41,capsule,38.55
CMPD-1821,365.56,1.78,76.18,1,3,5,2,-1.24,5,46.07,6.51,solution,71.75
CMPD-1822,388.45,2.98,84.4,1,4,8,4,-2.87,200,49.97,7.47,tablet,54.42
CMPD-1823,355.27,2.42,35.98,2,6,6,1,-4.2,50,16.61,5.52,capsule,54.73
CMPD-1824,308.5,2.83,116.89,0,7,6,3,-1.28,5,25.21,6.26,solution,66.83
CMPD-1825,398.55,1.29,54.11,3,3,7,2,-3.22,200,48.97,6.85,suspension,50.62
CMPD-1826,428.61,4.61,16.39,5,2,4,2,-4.12,400,11.87,6.88,capsule,47.75
CMPD-1827,260.06,0.38,71.18,1,7,7,4,-6.63,100,12.06,7.25,tablet,31.75
CMPD-1828,535.2,3.38,76.2,4,3,10,4,-3.29,10,1.27,4.9,capsule,46.65
CMPD-1829,369.16,4.63,80.62,2,5,3,2,-4.18,5,7.59,6.11,tablet,29.44
CMPD-1830,382.07,3.37,122.67,2,3,7,0,-3.97,25,7.61,6.99,capsule,47.39
CMPD-1831,457.9,2.14,66.72,3,2,3,2,-4.06,100,22.97,4.94,capsule,63.2
CMPD-1832,405.65,1.55,70.81,2,5,5,2,-6.25,50,30.35,8.61,tablet,36.18
CMPD-1833,484.85,4.36,36.39,4,5,1,2,0,25,32.89,4.64,capsule,47.97
CMPD-1834,411.58,-0.06,103.72,2,10,6,1,-4.54,400,50.45,5.14,capsule,29.67
CMPD-1835,312.63,0.75,81.45,7,5,2,0,-2.5,50,36.23,5.64,tablet,38.43
CMPD-1836,419.77,1.78,60.3,1,4,3,1,-3.83,100,14.86,5.51,capsule,48.89
CMPD-1837,254.19,4.73,10,2,5,2,2,-7.61,400,33.06,7.1,tablet,34.45
CMPD-1838,391.94,3.18,125.55,3,4,5,3,-3.72,25,33.49,6.6,capsule,61.61
CMPD-1839,376.34,0.76,32.03,1,5,3,2,-3.32,400,32.24,5.43,tablet,51.19
CMPD-1840,357.11,1.94,54.31,1,6,5,0,-4.32,5,9.42,8.99,solution,59.91
CMPD-1841,365.86,1.39,87.54,3,3,2,1,-1.32,400,30.09,7.4,tablet,62.11
CMPD-1842,173,1.22,33.12,2,4,4,3,-0.81,200,10.71,6.81,solution,69.71
CMPD-1843,319.64,4.26,22.73,1,6,6,1,-3.07,25,18.78,7.36,tablet,47.84
CMPD-1844,390.21,0.03,10,4,4,6,3,-2.87,10,40.36,6.98,tablet,46.62
CMPD-1845,397.58,5.4,100.23,2,4,5,0,-5.23,5,39.31,6.73,tablet,28.6
CMPD-1846,266.96,3.99,55.92,1,5,1,3,-5.23,10,50.04,7.11,tablet,45.2
CMPD-1847,519.23,4.46,177.45,2,3,5,1,-4.48,25,7.82,6.45,tablet,35.53
CMPD-1848,284.72,1.67,40.2,3,5,7,3,-0.5,25,60.27,7.31,capsule,70.06
CMPD-1849,486.64,2.23,42.75,1,3,7,3,-4.32,50,30.36,6.6,capsule,50.26
CMPD-1850,426.99,-0.08,55.21,0,3,4,2,-1.52,25,16.85,6.17,capsule,45.9
CMPD-1851,308.91,1.56,83.51,1,10,2,1,-4.58,400,14.44,8.46,solution,45.82
CMPD-1852,575.28,3.39,58.54,0,3,4,1,-4.94,400,5.92,6.6,tablet,43.46
CMPD-1853,248.7,4.83,96.43,1,4,4,2,-4.25,400,3.65,6.2,solution,40.31
CMPD-1854,481.11,0.51,40.75,2,2,6,2,-4.29,5,7.98,5.47,solution,45.66
CMPD-1855,490.06,1.84,26.64,1,5,4,4,-4.59,400,19.22,5.3,tablet,38.15
CMPD-1856,306.23,2.23,12.06,4,3,3,1,-1.16,10,48.07,6.55,capsule,74.43
CMPD-1857,533.17,-0.01,10,1,6,2,0,-3.58,200,18.61,6.07,tablet,40.73
CMPD-1858,352.49,3.56,56.87,2,4,4,3,-3.8,200,85.81,5.61,suspension,57.89
CMPD-1859,411.76,1.2,64.47,0,3,8,1,-3.46,100,22.6,8.05,capsule,50.03
CMPD-1860,408.64,2.15,52.9,0,3,7,5,-2.13,10,3.42,7.75,tablet,59.2
CMPD-1861,365.23,1.69,118.52,5,2,5,1,-3.46,200,66.72,5.3,capsule,44.92
CMPD-1862,469.19,1.08,117.98,0,2,10,2,-3.04,200,42.83,6.09,capsule,45.41
CMPD-1863,467.28,2.49,63.28,0,2,8,5,-1.97,50,26.06,4.55,capsule,66.76
CMPD-1864,187.66,2.11,12.21,1,6,6,4,-5.1,100,5.18,5.91,tablet,55.31
CMPD-1865,523.48,1.83,55.17,0,6,4,1,-4.76,200,22.39,5.68,capsule,46.87
CMPD-1866,197.13,1.19,54.01,1,5,8,1,-3.34,200,41.93,6.31,suspension,57.67
CMPD-1867,493.58,3.08,52,1,4,2,1,-4.56,100,52.39,5.44,suspension,39.26
CMPD-1868,503.94,5.48,50.58,3,4,6,0,-3.85,25,14.75,4.37,capsule,30.05
CMPD-1869,259.99,2.75,52.13,1,2,2,1,-5.15,200,53.37,5.84,solution,65.82
CMPD-1870,334.81,4.29,61.47,1,4,10,1,-4.79,50,8.61,8.01,suspension,46.39
CMPD-1871,258.37,0,52.76,3,9,6,5,-1.83,50,9.78,5.74,tablet,42.94
CMPD-1872,356.36,2.78,82.29,2,3,9,0,-4.05,25,43.64,8.83,capsule,54.5
CMPD-1873,346.12,0.52,87.61,3,4,3,2,-4.19,200,20.79,5.49,tablet,53.56
CMPD-1874,465.76,-0.16,43.13,1,3,8,4,-4.74,5,22.11,6.6,capsule,27.55
CMPD-1875,524.13,1.17,119.49,0,5,5,2,-4.83,25,21.97,6.89,suspension,49.22
CMPD-1876,533.53,4.65,40.7,0,6,9,3,-5.06,50,41.78,5.25,suspension,35.15
CMPD-1877,318.16,4.21,18.38,1,2,9,0,-5.44,100,21.81,4.51,suspension,40.88
CMPD-1878,356.99,2.94,88.33,6,6,5,0,-4.56,400,58.06,7.8,tablet,44.69
CMPD-1879,194.82,-0.26,46.39,0,4,5,4,-3.67,5,13.35,7.81,solution,47.87
CMPD-1880,291.35,2.15,86.25,5,0,4,2,-2.54,400,9.81,8.17,solution,64.09
CMPD-1881,486.13,3.04,10,1,2,15,2,-3.63,400,43.51,5.52,capsule,48.19
CMPD-1882,557.71,2.82,123.74,3,4,5,0,-5.01,400,33.87,6.94,capsule,39.08
CMPD-1883,244.22,-0.82,98.53,3,4,4,2,-4.31,200,7.93,6.55,suspension,26.07
CMPD-1884,314.83,0.9,22.48,2,5,5,4,-4.4,50,8.4,6.38,suspension,49.16
CMPD-1885,377.1,2.38,23.24,2,7,6,1,-4.49,50,14.6,6.04,tablet,51.32
CMPD-1886,410.82,3.47,133.53,2,6,6,5,-4.07,400,4.32,7.43,tablet,46.83
CMPD-1887,290.94,-1.45,49.19,2,7,5,3,-2.17,25,16.1,9,suspension,9.54
CMPD-1888,426.65,2.21,45.8,4,5,5,3,-2.49,10,7.47,6.83,tablet,61.58
CMPD-1889,327.88,2.76,10,2,6,5,1,-1.1,50,36.26,6.71,tablet,65.75
CMPD-1890,378.41,4.03,62.72,1,3,6,4,-4.84,10,33.26,5.71,tablet,50.35
CMPD-1891,440.09,3.75,67.03,2,3,3,1,-5.18,5,76.91,7.31,capsule,46.21
CMPD-1892,380.71,3.55,100.04,3,3,6,5,-4.05,100,9.9,3.55,tablet,40.52
CMPD-1893,332,1.06,26.03,3,3,3,3,-1.75,10,22.26,6.1,solution,63.69
CMPD-1894,367.94,-0.93,21.79,1,3,5,1,-6.66,10,2.41,6.94,capsule,12.63
CMPD-1895,370.28,1.79,90.78,3,6,2,1,-3.33,10,41.87,6.79,tablet,44.21
CMPD-1896,339.3,4.3,110.24,3,4,6,2,-4.01,10,21.88,6.38,suspension,43.64
CMPD-1897,351.53,5.01,20.01,1,5,7,0,-2.56,10,16.86,4.29,solution,49.87
CMPD-1898,555.85,3.78,112.85,1,0,3,1,-2.87,5,36.65,8.3,solution,58.24
CMPD-1899,441.7,3.27,76.31,0,3,4,1,-2.57,200,45.88,6.78,capsule,54.47
CMPD-1900,347.5,3.18,113.21,1,4,7,0,-2.76,200,33.45,6.47,solution,63.71
CMPD-1901,456.66,1.5,72.54,2,1,5,2,0,50,39.77,8.01,tablet,66.72
CMPD-1902,343.28,2.27,10,4,4,3,1,-0.82,100,25.22,7.95,tablet,76.11
CMPD-1903,509.04,5.5,69.68,3,6,5,2,-2.26,400,55.03,6.24,solution,22.8
CMPD-1904,420.66,0.8,112.11,1,7,5,1,-4.23,50,1.52,6.19,capsule,48.48
CMPD-1905,368.2,5.41,43.72,3,4,4,1,-4.06,5,11.33,7.07,tablet,31.73
CMPD-1906,429.25,1.92,61.42,4,2,2,1,-1.78,5,26.38,7.98,solution,67.16
CMPD-1907,207.2,4.89,68.84,2,3,7,2,-1.72,10,40.49,7.68,tablet,42.09
CMPD-1908,256.06,-0.03,10,3,3,6,2,-4.78,400,49.94,5.34,tablet,38.3
CMPD-1909,248.67,3.55,133.5,1,4,3,0,-6.5,5,11.93,5.2,tablet,43.86
CMPD-1910,395.72,1.17,43.45,0,3,1,1,-6.25,400,57.05,5.46,capsule,35.52
CMPD-1911,570.58,-0.05,92.7,1,1,4,1,-1.74,5,74.95,7.16,capsule,25.59
CMPD-1912,625.44,2.89,71.97,1,6,8,2,-1.46,10,22.4,6.04,tablet,51.53
CMPD-1913,450.19,4.32,119.02,3,5,11,0,-3.47,5,52.13,7.1,tablet,36.1
CMPD-1914,435.09,0.98,89.21,1,7,3,2,-3.01,5,24.09,4.94,tablet,41.72
CMPD-1915,181.88,-0.2,66.78,4,2,3,2,-0.83,5,70.92,5.51,tablet,38.74
CMPD-1916,320.31,2.33,43.73,4,6,7,5,-0.48,25,83.92,7.09,solution,74.47
CMPD-1917,293.34,2.34,102.92,1,2,7,2,-2.48,400,32.39,4.64,capsule,53.74
CMPD-1918,311.71,3.49,10,1,2,3,2,-3.53,200,56.7,8.64,capsule,61.11
CMPD-1919,361.5,4.21,97.61,1,5,7,0,-4.15,50,28.39,7.83,capsule,39.2
CMPD-1920,328.07,2.39,36.53,3,4,2,0,-3.92,25,23.37,8.16,capsule,64.34
CMPD-1921,162.28,5.84,118.83,3,5,6,0,-4.66,400,32.55,7.42,solution,20.71
CMPD-1922,462.27,2.9,80.65,2,9,6,2,-2.52,400,34.16,4.25,solution,53.61
CMPD-1923,262,1.88,97.54,2,5,11,1,-3.7,50,7.64,7.85,tablet,57.95
CMPD-1924,406.32,-0.4,77.87,4,3,2,2,-4.73,10,27.31,7.37,capsule,15.82
CMPD-1925,608.15,2.03,13.67,1,3,3,1,-1.81,10,1.54,6.1,capsule,64.66
CMPD-1926,278.87,1.89,44.87,2,1,6,4,-2.67,200,14.02,5.96,tablet,51.13
CMPD-1927,120,4.23,98.53,2,0,5,2,-3.11,50,26.57,7.44,tablet,50.38
CMPD-1928,348.54,3.33,80.83,2,3,2,0,-3.74,50,19.3,4.6,tablet,53.23
CMPD-1929,501.11,0.38,116.33,3,5,4,2,-2.81,200,19.3,7.6,tablet,35.84
CMPD-1930,595.42,2.81,89.11,2,1,5,1,-4.02,100,17.94,5.73,capsule,36.39
CMPD-1931,244.75,3.71,41.17,1,2,7,0,0,50,21.43,6.7,solution,77.42
CMPD-1932,434.64,5.25,47.14,3,3,1,5,-0.08,50,41.53,6.74,tablet,51.11
CMPD-1933,328.82,4.1,78.6,2,4,3,5,-4.73,10,36.66,4.88,capsule,40.99
CMPD-1934,368.35,3.87,10,2,4,6,4,-3.89,10,21.33,4.56,capsule,47.24
CMPD-1935,670.88,2.61,133.57,4,5,1,4,-4.85,5,22.68,6.8,capsule,34.54
CMPD-1936,214.67,3.2,90.46,0,5,4,3,-6.31,5,42.67,6.44,capsule,53.88
CMPD-1937,407.91,4.75,117.95,5,4,6,2,-0.94,400,19.93,6.84,capsule,32.97
CMPD-1938,431.45,0.1,19.68,1,5,7,3,-3.72,400,40.96,5.28,solution,39.23
CMPD-1939,499.44,1.87,118.56,1,5,2,1,-5.14,10,18.26,7.55,suspension,51.88
CMPD-1940,390.78,1.11,153.1,2,5,5,2,-6.1,400,9.28,7.95,tablet,26.5
CMPD-1941,413.89,3.18,28.77,1,4,1,3,-3.17,5,12.47,6.17,tablet,66.08
CMPD-1942,336.92,4.71,102,1,2,5,1,-2.96,25,24.5,5.11,capsule,40.23
CMPD-1943,409.6,1.43,75.04,0,4,5,1,-2.88,25,91.7,5.82,tablet,50.52
CMPD-1944,342.25,-1.8,20.94,1,3,4,4,-1.89,200,8.29,6.85,capsule,17.33
CMPD-1945,448.37,1.76,92.25,1,10,3,1,-2.16,5,43.78,7.04,capsule,58.29
CMPD-1946,339.34,4.14,104.18,1,2,2,1,-5.43,5,25.06,8.84,solution,47.95
CMPD-1947,421.48,3.47,53.96,1,8,4,1,-5.13,400,50.18,7.49,capsule,37.23
CMPD-1948,376.78,3.27,115.81,0,1,3,2,-2.04,50,21.05,6.2,tablet,68.78
CMPD-1949,503.87,2,16.66,3,1,6,2,-4.43,50,5.64,7.14,capsule,50.82
CMPD-1950,374.35,0.2,22.68,1,5,6,2,-5.7,25,16.46,6.9,solution,46.61
CMPD-1951,184.97,3.43,79.78,2,5,3,0,-5.56,400,0.61,6.56,tablet,50.45
CMPD-1952,518.81,1,75.89,1,2,8,2,-2.09,200,16.74,8.5,tablet,41.91
CMPD-1953,280.37,6.43,49.92,1,5,6,2,-2.12,25,53.89,5.75,capsule,8.03
CMPD-1954,308.09,3.53,103.34,1,8,6,4,-3.31,50,7.55,7.22,suspension,57.87
CMPD-1955,314.48,1.45,93.58,1,8,6,0,-4.91,400,41.32,7.2,solution,41.65
CMPD-1956,531.19,1.4,105.03,4,5,4,2,-3.59,50,20.07,8.68,tablet,33.35
CMPD-1957,145.08,2.33,70.69,5,3,5,0,-3.74,200,38.31,4.02,tablet,52.25
CMPD-1958,725.15,2.07,96.09,1,5,4,2,-4.16,50,41.77,7.96,capsule,42.16
CMPD-1959,496.17,4.51,59.4,0,3,9,2,-2.47,5,7.75,5.17,solution,53.69
CMPD-1960,404.56,2.84,146.88,3,5,2,3,-4.22,10,16.5,4.66,capsule,42.56
CMPD-1961,373.96,1.18,46.56,4,4,6,2,-2.69,400,9.86,5.36,capsule,55.32
CMPD-1962,411.41,5.9,148.69,4,2,10,3,-3,25,4.8,4.72,capsule,5.68
CMPD-1963,437.32,2.59,76.22,4,10,6,2,-5.66,100,32.08,7.92,suspension,27.62
CMPD-1964,450.97,3.88,26.86,3,3,4,2,-0.51,200,36.05,8.44,capsule,46.1
CMPD-1965,441.12,1.41,122.88,2,3,7,3,-2.63,400,24.16,5.65,capsule,45.66
CMPD-1966,389.85,3.15,79.41,0,6,5,4,-5.89,50,33.59,6.25,capsule,46.07
CMPD-1967,358.29,3.06,104.79,3,5,5,0,-5.66,5,18.4,7.86,capsule,48.01
CMPD-1968,363.36,-0.9,117.83,3,7,4,5,-1.12,25,17.16,8.51,capsule,25.74
CMPD-1969,358.56,6.13,86.83,2,4,4,5,-3.23,50,23.85,6.68,tablet,15.53
CMPD-1970,504.71,4.82,54.27,1,5,6,2,-2.66,5,53.03,5.97,capsule,29.21
CMPD-1971,445.29,1.79,109.15,2,3,4,1,-2.92,25,65.1,4.8,tablet,44.24
CMPD-1972,120,0.52,75.03,1,2,5,0,-1.87,25,23.26,5.06,suspension,51.23
CMPD-1973,452.15,3.13,99.01,0,2,2,1,-1.8,100,18.24,8.45,tablet,67.89
CMPD-1974,401.42,2.66,10,4,4,10,3,-4.82,100,42.13,5.07,suspension,47.12
CMPD-1975,377.94,3.14,90.64,1,5,7,1,-2.75,25,48.96,6.97,suspension,61.94
CMPD-1976,337.26,2.84,52.65,4,5,4,2,-5.61,5,26.65,6.21,capsule,48.71
CMPD-1977,503.65,3.41,132.87,2,6,3,0,-5.13,50,84.44,6.09,tablet,34.53
CMPD-1978,484.23,5.11,96.81,1,7,3,1,-3.96,400,18.97,4.64,tablet,20.54
CMPD-1979,294.98,3.52,83.4,3,6,7,5,-6.05,400,18.97,6.23,tablet,40.94
CMPD-1980,424.78,0.61,92.02,2,2,6,2,-4.67,200,21.15,8.46,tablet,28.8
CMPD-1981,273.12,4.95,40.05,1,1,3,4,-6.76,50,58.86,6.49,capsule,33.54
CMPD-1982,228.24,5.45,131.81,0,5,9,2,-3.53,25,19.73,7.18,capsule,28.22
CMPD-1983,311.06,8,144.7,0,6,2,0,-1.04,400,22.1,4.74,tablet,1
CMPD-1984,474.86,0.48,88.75,4,4,6,1,-3.45,50,0.98,6.36,solution,38.12
CMPD-1985,484.84,2.94,130.66,4,6,8,1,-3.45,100,12.57,6.28,capsule,39.2
CMPD-1986,436.44,-1.25,55.08,3,7,4,5,-4.04,50,7.87,6.35,tablet,9.07
CMPD-1987,459.76,3.5,47.1,1,2,6,1,-2.03,10,17.01,7.02,tablet,58.74
CMPD-1988,436.78,1.51,76.43,1,5,4,1,-3.58,100,25.02,6.79,capsule,58.29
CMPD-1989,309.44,5.96,90.22,4,2,4,1,-5.15,100,19.4,5.32,tablet,10.03
CMPD-1990,427.51,1.11,61.21,1,6,4,2,-3.25,25,42.1,5.62,capsule,41.2
CMPD-1991,468.05,-0.54,93.82,3,7,1,1,-1.17,25,66.2,6.5,tablet,23.83
CMPD-1992,462.97,1.65,85.72,1,4,3,2,-5.64,50,22.07,9,capsule,36.68
CMPD-1993,510.78,-1.06,40.06,3,5,2,1,-4.91,50,8.79,5.6,tablet,18.18
CMPD-1994,457.91,3.85,93.16,2,4,6,2,-3.66,25,31.65,5.94,solution,55.56
CMPD-1995,418.66,-1.22,105.22,2,4,3,4,-4.03,5,10.4,6.1,tablet,11.13
CMPD-1996,497.72,2.55,81,3,2,8,0,-2.87,50,12.11,6.9,solution,60.76
CMPD-1997,377.08,-1.24,115.34,3,4,3,1,-4.97,5,58.24,7.66,tablet,1.95
CMPD-1998,282.99,1.92,32.39,2,8,7,1,-4.29,400,0.5,6.97,tablet,42.16
CMPD-1999,362.06,5.46,91.38,1,2,5,3,-3.42,100,30.82,5.26,tablet,25.19
CMPD-2000,298.06,3.15,34.04,1,1,7,3,-3.37,200,34.47,7.25,tablet,43.89
